4.7,3.8,6.01,         NaN,6.72,         NaN,         NaN,         NaN,4.01,         NaN,1.76,17.92,         NaN,5.38,3.25,3.02,406.12,         NaN,         NaN,         NaN,         NaN,4.12,0.32,54.67,2.56,         NaN,         NaN,1.43,         NaN,18.62,         NaN,2.65,40.69,41.16,         NaN,         NaN,4.89,1.39,0.26,0.49,         NaN,1.62,7.15,44.43,292.96,4.47,         NaN,         NaN,         NaN,33.62,         NaN,44.35,         NaN,         NaN,9.89,         NaN,         NaN,         NaN,3.87,         NaN,         NaN,13.41,         NaN,9.46,         NaN,         NaN,         NaN,         NaN,2.21,         NaN,         NaN,0.56,5.13,2.23,5.32,0.8,         NaN,         NaN,0.26,3.69,6.79,24.83,5.2,0.44,         NaN,11.16,         NaN,         NaN,         NaN,         NaN,         NaN,0.21,         NaN,0.78,         NaN,5.12,         NaN,         NaN,         NaN,7.28,         NaN,         NaN,2.79,         NaN,         NaN,0.91,78.08,2.74,         NaN,         NaN,         NaN,         NaN,         NaN
4.88,3.85,6.07,         NaN,6.8,         NaN,         NaN,         NaN,         NaN,         NaN,1.77,18.32,         NaN,5.46,3.29,3.06,408.39,         NaN,         NaN,         NaN,         NaN,4.2,0.33,55.5,2.6,         NaN,         NaN,1.45,         NaN,18.72,         NaN,2.67,40.73,41.54,         NaN,         NaN,4.92,1.4,         NaN,0.5,         NaN,1.64,         NaN,44.9,294.71,4.45,         NaN,         NaN,         NaN,33.82,         NaN,44.91,         NaN,         NaN,         NaN,         NaN,         NaN,         NaN,3.99,         NaN,         NaN,13.56,         NaN,9.76,         NaN,         NaN,         NaN,         NaN,2.27,         NaN,         NaN,0.57,5.21,2.25,         NaN,0.82,         NaN,         NaN,0.27,3.74,6.92,         NaN,5.24,0.45,         NaN,         NaN,         NaN,         NaN,         NaN,         NaN,         NaN,         NaN,         NaN,0.8,         NaN,5.16,         NaN,         NaN,         NaN,7.37,         NaN,         NaN,2.87,         NaN,         NaN,0.93,79.61,2.77,         NaN,         NaN,         NaN,         NaN,         NaN
5.06,3.91,6.14,         NaN,6.9,         NaN,         NaN,         NaN,         NaN,         NaN,1.79,18.71,         NaN,5.57,3.33,3.09,410.68,         NaN,         NaN,         NaN,         NaN,4.28,0.34,56.39,2.62,         NaN,         NaN,1.47,         NaN,18.85,         NaN,2.69,40.8,41.9,         NaN,         NaN,4.96,1.42,         NaN,0.51,         NaN,1.67,         NaN,45.38,296.56,4.43,         NaN,         NaN,         NaN,34.11,         NaN,45.51,         NaN,         NaN,         NaN,         NaN,         NaN,         NaN,4.03,         NaN,         NaN,13.71,         NaN,9.9,         NaN,         NaN,         NaN,         NaN,2.32,         NaN,         NaN,0.57,5.29,2.27,         NaN,0.84,         NaN,         NaN,0.27,3.78,7.06,         NaN,5.29,0.46,         NaN,         NaN,         NaN,         NaN,         NaN,         NaN,         NaN,         NaN,         NaN,0.81,         NaN,5.19,         NaN,         NaN,         NaN,7.47,         NaN,         NaN,2.94,         NaN,         NaN,0.94,81.23,2.81,         NaN,         NaN,         NaN,         NaN,         NaN
5.26,3.95,6.2,         NaN,6.99,         NaN,         NaN,         NaN,         NaN,         NaN,1.8,19.11,         NaN,5.73,3.37,3.13,412.98,         NaN,         NaN,         NaN,         NaN,4.37,0.34,57.26,2.65,         NaN,         NaN,1.49,         NaN,18.98,         NaN,2.71,40.88,42.25,         NaN,         NaN,4.99,1.43,         NaN,0.52,         NaN,1.69,         NaN,45.86,298.31,4.42,         NaN,         NaN,         NaN,34.38,         NaN,46.1,         NaN,         NaN,         NaN,         NaN,         NaN,         NaN,4.11,         NaN,         NaN,13.86,         NaN,10.04,         NaN,         NaN,         NaN,         NaN,2.38,         NaN,         NaN,0.58,5.38,2.29,         NaN,0.86,         NaN,         NaN,0.28,3.83,7.19,         NaN,5.33,0.47,         NaN,         NaN,         NaN,         NaN,         NaN,         NaN,         NaN,         NaN,         NaN,0.83,         NaN,5.22,         NaN,         NaN,         NaN,7.56,         NaN,         NaN,2.97,         NaN,         NaN,0.96,82.74,2.85,         NaN,         NaN,         NaN,         NaN,         NaN
5.46,4,6.27,         NaN,7.08,         NaN,         NaN,         NaN,         NaN,         NaN,1.82,19.51,         NaN,5.91,3.42,3.16,415.3,         NaN,         NaN,         NaN,         NaN,4.46,0.35,58.11,2.68,         NaN,         NaN,1.52,         NaN,19.11,         NaN,2.74,40.95,42.61,         NaN,         NaN,5.03,1.45,         NaN,0.54,         NaN,1.72,         NaN,46.35,300.17,4.41,         NaN,         NaN,         NaN,34.66,         NaN,46.64,         NaN,         NaN,         NaN,         NaN,         NaN,         NaN,4.19,         NaN,         NaN,14.01,         NaN,10.19,         NaN,         NaN,         NaN,         NaN,2.44,         NaN,         NaN,0.59,5.46,2.3,         NaN,0.89,         NaN,         NaN,0.28,3.88,7.33,         NaN,5.38,0.48,         NaN,         NaN,         NaN,         NaN,         NaN,         NaN,         NaN,         NaN,         NaN,0.85,         NaN,5.25,         NaN,         NaN,         NaN,7.66,         NaN,         NaN,3.02,         NaN,         NaN,0.97,84.31,2.9,         NaN,         NaN,         NaN,         NaN,         NaN
5.67,4.06,6.33,         NaN,7.17,         NaN,         NaN,         NaN,         NaN,         NaN,1.83,19.93,         NaN,6.08,3.41,3.2,417.63,         NaN,         NaN,         NaN,         NaN,4.55,0.36,58.95,2.71,         NaN,         NaN,1.54,         NaN,19.19,         NaN,2.77,40.98,42.98,         NaN,         NaN,5.06,1.46,         NaN,0.55,         NaN,1.74,         NaN,46.85,302.02,4.4,         NaN,         NaN,         NaN,34.96,         NaN,47.09,         NaN,         NaN,         NaN,         NaN,         NaN,         NaN,4.34,         NaN,         NaN,14.16,         NaN,10.34,         NaN,         NaN,         NaN,         NaN,2.51,         NaN,         NaN,0.6,5.54,2.31,         NaN,0.92,         NaN,         NaN,0.29,3.93,7.47,         NaN,5.42,0.49,         NaN,         NaN,         NaN,         NaN,         NaN,         NaN,         NaN,         NaN,         NaN,0.87,         NaN,5.29,         NaN,         NaN,         NaN,7.75,         NaN,         NaN,3.1,         NaN,         NaN,0.99,86.01,2.91,         NaN,         NaN,         NaN,         NaN,         NaN
5.88,4.12,6.4,         NaN,7.25,         NaN,         NaN,         NaN,         NaN,         NaN,1.84,20.35,         NaN,6.2,3.5,3.24,419.97,         NaN,         NaN,         NaN,         NaN,4.64,0.36,59.79,2.74,         NaN,         NaN,1.56,         NaN,19.38,         NaN,2.79,41.03,43.36,         NaN,         NaN,5.1,1.48,         NaN,0.56,         NaN,1.77,         NaN,47.32,303.87,4.4,         NaN,         NaN,         NaN,35.24,         NaN,47.49,         NaN,         NaN,         NaN,         NaN,         NaN,         NaN,4.41,         NaN,         NaN,14.31,         NaN,10.49,         NaN,         NaN,         NaN,         NaN,2.58,         NaN,         NaN,0.61,5.62,2.32,         NaN,0.94,         NaN,         NaN,0.3,3.98,7.62,         NaN,5.47,0.5,         NaN,         NaN,         NaN,         NaN,         NaN,         NaN,         NaN,         NaN,         NaN,0.88,         NaN,5.32,         NaN,         NaN,         NaN,7.85,         NaN,         NaN,3.13,         NaN,         NaN,1,87.67,2.93,         NaN,         NaN,         NaN,         NaN,         NaN
6.11,4.19,6.46,         NaN,7.33,         NaN,         NaN,         NaN,         NaN,         NaN,1.86,20.78,         NaN,6.51,3.55,3.27,422.32,         NaN,         NaN,         NaN,         NaN,4.74,0.37,60.65,2.78,         NaN,         NaN,1.58,         NaN,19.51,         NaN,2.82,41.03,43.74,         NaN,         NaN,5.13,1.49,         NaN,0.57,         NaN,1.79,         NaN,47.8,305.73,4.39,         NaN,         NaN,         NaN,35.54,         NaN,47.96,         NaN,         NaN,         NaN,         NaN,         NaN,         NaN,4.42,         NaN,         NaN,14.47,         NaN,10.64,         NaN,         NaN,         NaN,         NaN,2.65,         NaN,         NaN,0.62,5.7,2.33,         NaN,0.97,         NaN,         NaN,0.3,4.03,7.76,         NaN,5.52,0.52,         NaN,         NaN,         NaN,         NaN,         NaN,         NaN,         NaN,         NaN,         NaN,0.9,         NaN,5.37,         NaN,         NaN,         NaN,7.95,         NaN,         NaN,3.16,         NaN,         NaN,1.02,89.27,2.95,         NaN,         NaN,         NaN,         NaN,         NaN
6.34,4.26,6.53,         NaN,7.41,         NaN,         NaN,         NaN,         NaN,         NaN,1.87,21.22,         NaN,6.72,3.59,3.31,424.69,         NaN,         NaN,         NaN,         NaN,4.84,0.37,61.5,2.81,         NaN,         NaN,1.61,         NaN,19.64,         NaN,2.86,41.14,44.13,         NaN,         NaN,5.17,1.51,         NaN,0.58,         NaN,1.82,         NaN,48.29,307.58,4.38,         NaN,         NaN,         NaN,35.84,         NaN,48.53,         NaN,         NaN,         NaN,         NaN,         NaN,         NaN,4.47,         NaN,         NaN,14.63,         NaN,10.79,         NaN,         NaN,         NaN,         NaN,2.72,         NaN,         NaN,0.63,5.77,2.35,         NaN,0.99,         NaN,         NaN,0.31,4.08,7.91,         NaN,5.56,0.53,         NaN,         NaN,         NaN,         NaN,         NaN,         NaN,         NaN,         NaN,         NaN,0.92,         NaN,5.41,         NaN,         NaN,         NaN,8.05,         NaN,         NaN,3.19,         NaN,         NaN,1.04,91.03,2.97,         NaN,         NaN,         NaN,         NaN,         NaN
6.59,4.34,6.59,         NaN,7.47,         NaN,         NaN,         NaN,         NaN,         NaN,1.89,21.67,         NaN,6.9,3.63,3.35,427.07,         NaN,         NaN,         NaN,         NaN,4.93,0.38,62.36,2.85,         NaN,         NaN,1.63,         NaN,19.78,         NaN,2.9,41.2,44.52,         NaN,         NaN,5.2,1.52,         NaN,0.6,         NaN,1.85,         NaN,48.78,309.43,4.39,         NaN,         NaN,         NaN,36.16,         NaN,49.14,         NaN,         NaN,         NaN,         NaN,         NaN,         NaN,4.54,         NaN,         NaN,14.79,         NaN,10.95,         NaN,         NaN,         NaN,         NaN,2.79,         NaN,         NaN,0.64,5.85,2.37,         NaN,1.02,         NaN,         NaN,0.32,4.13,8.06,         NaN,5.61,0.54,         NaN,         NaN,         NaN,         NaN,         NaN,         NaN,         NaN,         NaN,         NaN,0.94,         NaN,5.46,         NaN,         NaN,         NaN,8.16,         NaN,         NaN,3.22,         NaN,         NaN,1.06,92.85,2.99,         NaN,         NaN,         NaN,         NaN,         NaN
6.84,4.44,6.66,         NaN,7.49,         NaN,         NaN,         NaN,4.53,         NaN,1.9,22.13,         NaN,7.09,3.68,3.39,429.47,         NaN,         NaN,         NaN,         NaN,5.03,0.39,63.21,2.88,         NaN,         NaN,1.65,         NaN,19.92,         NaN,2.93,41.32,44.92,         NaN,         NaN,5.24,1.54,         NaN,0.61,         NaN,1.88,7.67,49.29,311.08,4.38,         NaN,         NaN,         NaN,36.52,         NaN,49.79,         NaN,         NaN,10.09,         NaN,         NaN,         NaN,4.62,         NaN,         NaN,14.79,         NaN,11.11,         NaN,         NaN,         NaN,         NaN,2.86,         NaN,         NaN,0.65,5.91,2.38,         NaN,1.04,         NaN,         NaN,0.32,4.18,8.22,26.73,5.66,0.55,         NaN,12.04,         NaN,         NaN,         NaN,         NaN,         NaN,         NaN,         NaN,0.96,         NaN,5.51,         NaN,         NaN,         NaN,8.26,         NaN,         NaN,3.27,         NaN,         NaN,1.08,94.82,3.02,         NaN,         NaN,         NaN,         NaN,         NaN
7.1,4.57,6.71,         NaN,7.51,         NaN,         NaN,         NaN,         NaN,         NaN,1.92,22.6,         NaN,7.31,3.72,3.42,434.2,         NaN,         NaN,         NaN,         NaN,5.14,0.39,64.18,2.92,         NaN,         NaN,1.68,         NaN,20.06,         NaN,2.97,41.4,45.27,         NaN,         NaN,5.27,1.55,         NaN,0.62,         NaN,1.9,         NaN,49.81,312.11,4.38,         NaN,         NaN,         NaN,36.86,         NaN,50.49,         NaN,         NaN,10.25,         NaN,         NaN,         NaN,4.71,         NaN,         NaN,14.78,         NaN,11.27,         NaN,         NaN,         NaN,         NaN,2.94,         NaN,         NaN,0.66,5.97,2.4,         NaN,1.06,         NaN,         NaN,0.33,4.24,8.38,         NaN,5.71,0.57,         NaN,         NaN,         NaN,         NaN,         NaN,         NaN,         NaN,         NaN,         NaN,0.98,         NaN,5.55,         NaN,         NaN,         NaN,8.38,         NaN,         NaN,3.34,         NaN,         NaN,1.11,96.32,3.05,         NaN,         NaN,         NaN,         NaN,         NaN
7.37,4.73,6.77,         NaN,7.59,         NaN,         NaN,         NaN,         NaN,         NaN,1.93,23.08,         NaN,7.5,3.76,3.46,438.98,         NaN,         NaN,         NaN,         NaN,5.24,0.39,64.79,2.95,         NaN,         NaN,1.7,         NaN,20.19,         NaN,3,41.45,45.43,         NaN,         NaN,5.31,1.57,         NaN,0.64,         NaN,1.93,         NaN,50.35,312.42,4.37,         NaN,         NaN,         NaN,37.09,         NaN,51.22,         NaN,         NaN,10.41,         NaN,         NaN,         NaN,4.73,         NaN,         NaN,14.77,         NaN,11.37,         NaN,         NaN,         NaN,         NaN,3,         NaN,         NaN,0.67,6.05,2.42,         NaN,1.09,         NaN,         NaN,0.34,4.29,8.54,         NaN,5.74,0.58,         NaN,         NaN,         NaN,         NaN,         NaN,         NaN,         NaN,         NaN,         NaN,1,         NaN,5.59,         NaN,         NaN,         NaN,8.51,         NaN,         NaN,3.41,         NaN,         NaN,1.14,97.82,3.08,         NaN,         NaN,         NaN,         NaN,         NaN
7.66,4.89,6.81,         NaN,7.66,         NaN,         NaN,         NaN,4.73,         NaN,1.95,23.57,         NaN,7.74,3.8,3.5,443.82,         NaN,         NaN,         NaN,         NaN,5.35,0.4,65.4,2.98,         NaN,5.74,1.73,12.68,20.33,         NaN,3.03,41.56,45.65,2,         NaN,5.34,1.59,0.42,0.65,         NaN,1.96,7.86,50.87,312.73,4.35,10.86,2.75,         NaN,37.19,0.4,51.96,         NaN,2.9,10.58,1.31,0.63,         NaN,4.76,5.14,         NaN,14.76,         NaN,11.47,0.74,         NaN,         NaN,         NaN,3.05,         NaN,         NaN,0.68,6.15,2.45,5.68,1.12,0.41,         NaN,0.35,4.34,8.7,26.8,5.75,0.59,0.77,12.71,         NaN,         NaN,2.56,         NaN,         NaN,0.32,         NaN,1.03,         NaN,5.63,2.02,         NaN,         NaN,8.64,1.85,14.63,3.47,         NaN,         NaN,1.17,99.77,3.1,19.72,3.16,6.18,         NaN,         NaN
7.89,5,6.85,         NaN,7.72,         NaN,         NaN,         NaN,         NaN,         NaN,1.99,24.07,         NaN,7.98,3.84,3.54,448.71,         NaN,         NaN,         NaN,         NaN,5.49,0.42,66.44,3.02,         NaN,         NaN,1.74,         NaN,20.46,         NaN,3.06,41.57,46.05,         NaN,         NaN,5.38,1.6,0.44,0.66,         NaN,1.99,         NaN,51.4,313.04,4.33,         NaN,         NaN,         NaN,37.47,         NaN,52.69,         NaN,         NaN,10.75,         NaN,         NaN,         NaN,4.79,         NaN,         NaN,14.75,         NaN,11.56,         NaN,         NaN,         NaN,         NaN,3.11,         NaN,         NaN,0.68,6.26,2.47,         NaN,1.14,         NaN,         NaN,0.36,4.4,8.87,         NaN,5.75,0.61,         NaN,         NaN,         NaN,         NaN,         NaN,         NaN,         NaN,0.33,         NaN,1.05,         NaN,5.67,         NaN,         NaN,         NaN,8.77,         NaN,         NaN,3.52,         NaN,         NaN,1.22,101.71,3.12,         NaN,         NaN,         NaN,         NaN,         NaN
8.08,5.04,6.89,         NaN,7.75,         NaN,         NaN,         NaN,         NaN,         NaN,2.02,24.58,         NaN,8.08,3.82,3.58,453.66,         NaN,         NaN,         NaN,         NaN,5.63,0.42,66.57,3.06,         NaN,         NaN,1.76,         NaN,20.6,         NaN,3.09,40.57,46.34,         NaN,         NaN,5.42,1.62,0.46,0.67,         NaN,2.03,         NaN,51.95,313.24,4.28,         NaN,         NaN,         NaN,37.92,         NaN,53.42,         NaN,         NaN,10.9,         NaN,         NaN,         NaN,4.85,         NaN,         NaN,14.74,         NaN,11.67,         NaN,         NaN,         NaN,         NaN,3.18,         NaN,         NaN,0.7,6.38,2.5,         NaN,1.15,         NaN,         NaN,0.38,4.45,9.04,         NaN,5.76,0.62,         NaN,         NaN,         NaN,         NaN,         NaN,         NaN,         NaN,0.34,         NaN,1.07,         NaN,5.7,         NaN,         NaN,         NaN,8.91,         NaN,         NaN,3.54,         NaN,         NaN,1.24,103.17,3.14,         NaN,         NaN,         NaN,         NaN,         NaN
8.23,5.03,6.87,         NaN,7.76,         NaN,         NaN,         NaN,         NaN,         NaN,2.06,25.1,         NaN,8.1,3.82,3.62,458.66,         NaN,         NaN,         NaN,         NaN,5.77,0.43,66.42,3.09,         NaN,         NaN,1.77,         NaN,20.74,         NaN,3.11,39.97,46.52,         NaN,         NaN,5.46,1.64,0.47,0.67,         NaN,2.06,         NaN,52.5,313.55,4.27,         NaN,         NaN,         NaN,38.08,         NaN,54.11,         NaN,         NaN,11.08,         NaN,         NaN,         NaN,4.92,         NaN,         NaN,14.73,         NaN,11.77,         NaN,         NaN,         NaN,         NaN,3.24,         NaN,         NaN,0.71,6.5,2.52,         NaN,1.15,         NaN,         NaN,0.4,4.51,9.22,         NaN,5.77,0.64,         NaN,         NaN,         NaN,         NaN,         NaN,         NaN,         NaN,0.35,         NaN,1.09,         NaN,5.74,         NaN,         NaN,         NaN,9.04,         NaN,         NaN,3.56,         NaN,         NaN,1.26,104.63,3.15,         NaN,         NaN,         NaN,         NaN,         NaN
8.38,5.02,6.83,         NaN,7.72,         NaN,         NaN,         NaN,         NaN,         NaN,2.1,25.64,         NaN,8.16,3.83,3.67,463.71,         NaN,         NaN,         NaN,         NaN,5.92,0.43,66.1,3.13,         NaN,         NaN,1.78,         NaN,20.87,         NaN,3.13,39.38,46.62,         NaN,         NaN,5.5,1.65,0.49,0.68,         NaN,2.1,         NaN,53.06,313.86,4.27,         NaN,         NaN,         NaN,37.92,         NaN,54.74,         NaN,         NaN,11.25,         NaN,         NaN,         NaN,4.99,         NaN,         NaN,14.72,         NaN,11.87,         NaN,         NaN,         NaN,         NaN,3.3,         NaN,         NaN,0.72,6.64,2.55,         NaN,1.15,         NaN,         NaN,0.42,4.57,9.39,         NaN,5.78,0.65,         NaN,         NaN,         NaN,         NaN,         NaN,         NaN,         NaN,0.36,         NaN,1.12,         NaN,5.79,         NaN,         NaN,         NaN,9.18,         NaN,         NaN,3.61,         NaN,         NaN,1.29,106.11,3.17,         NaN,         NaN,         NaN,         NaN,         NaN
8.52,5.1,6.77,         NaN,7.66,         NaN,         NaN,         NaN,         NaN,         NaN,2.14,26.18,         NaN,8.26,3.82,3.71,468.83,         NaN,         NaN,         NaN,         NaN,6.08,0.44,65.58,3.17,         NaN,         NaN,1.8,         NaN,21.01,         NaN,3.13,38.63,46.58,         NaN,         NaN,5.54,1.67,0.52,0.69,         NaN,2.13,         NaN,53.11,314.17,4.28,         NaN,         NaN,         NaN,37.46,         NaN,55.19,         NaN,         NaN,11.43,         NaN,         NaN,         NaN,5.06,         NaN,         NaN,14.71,         NaN,11.97,         NaN,         NaN,         NaN,         NaN,3.37,         NaN,         NaN,0.73,6.74,2.58,         NaN,1.15,         NaN,         NaN,0.44,4.63,9.57,         NaN,5.79,0.67,         NaN,         NaN,         NaN,         NaN,         NaN,         NaN,         NaN,0.37,         NaN,1.14,         NaN,5.82,         NaN,         NaN,         NaN,9.37,         NaN,         NaN,3.63,         NaN,         NaN,1.31,107.28,3.19,         NaN,         NaN,         NaN,         NaN,         NaN
8.68,5.27,6.46,         NaN,7.62,         NaN,         NaN,         NaN,         NaN,         NaN,2.18,26.73,         NaN,8.43,3.81,3.75,473.99,         NaN,         NaN,         NaN,         NaN,6.23,0.45,60.86,3.2,         NaN,         NaN,1.81,         NaN,21.16,         NaN,3.12,38.79,46.54,         NaN,         NaN,5.57,1.69,0.54,0.7,         NaN,2.17,         NaN,53.63,314.38,4.35,         NaN,         NaN,         NaN,37.19,         NaN,55.56,         NaN,         NaN,11.62,         NaN,         NaN,         NaN,5.12,         NaN,         NaN,14.7,         NaN,11.99,         NaN,         NaN,         NaN,         NaN,3.44,         NaN,         NaN,0.74,6.79,2.6,         NaN,1.19,         NaN,         NaN,0.46,4.68,9.76,         NaN,5.79,0.68,         NaN,         NaN,         NaN,         NaN,         NaN,         NaN,         NaN,0.38,         NaN,1.17,         NaN,5.84,         NaN,         NaN,         NaN,9.55,         NaN,         NaN,3.67,         NaN,         NaN,1.33,107.81,3.2,         NaN,         NaN,         NaN,         NaN,         NaN
8.87,5.44,6.5,         NaN,7.55,         NaN,         NaN,         NaN,5.08,         NaN,2.21,27.3,         NaN,8.68,3.82,3.8,479.22,         NaN,         NaN,         NaN,         NaN,6.4,0.45,61.21,3.24,         NaN,         NaN,1.83,         NaN,21.3,         NaN,3.14,39.09,46.82,         NaN,         NaN,5.61,1.71,0.56,0.71,         NaN,2.2,7.97,54.18,314.69,4.36,         NaN,         NaN,         NaN,37.34,         NaN,56.13,         NaN,         NaN,11.79,         NaN,         NaN,         NaN,5.19,         NaN,         NaN,14.69,         NaN,12.18,         NaN,         NaN,         NaN,         NaN,3.51,         NaN,         NaN,0.75,6.83,2.63,         NaN,1.24,         NaN,         NaN,0.48,4.74,9.95,24.05,5.8,0.7,         NaN,12.52,         NaN,         NaN,         NaN,         NaN,         NaN,0.39,         NaN,1.19,         NaN,5.88,         NaN,         NaN,         NaN,9.75,         NaN,         NaN,3.71,         NaN,         NaN,1.36,109.25,3.22,         NaN,         NaN,         NaN,         NaN,         NaN
9.1,5.54,6.55,         NaN,7.5,         NaN,         NaN,         NaN,5.16,         NaN,2.24,27.86,         NaN,8.9,3.82,3.85,480.91,         NaN,         NaN,         NaN,         NaN,6.56,0.46,61.89,3.29,         NaN,         NaN,1.85,         NaN,21.48,         NaN,3.17,39.33,44.07,         NaN,         NaN,5.75,1.72,0.54,0.73,         NaN,2.23,8.05,54.77,316.44,3.1,         NaN,         NaN,         NaN,37.63,         NaN,56.8,         NaN,         NaN,12.03,         NaN,         NaN,         NaN,5.25,         NaN,         NaN,14.68,         NaN,12.29,         NaN,         NaN,         NaN,         NaN,3.58,         NaN,         NaN,0.75,6.9,2.67,         NaN,1.27,         NaN,         NaN,0.48,4.82,10.14,24.41,5.84,0.71,         NaN,12.66,         NaN,         NaN,         NaN,         NaN,         NaN,0.42,         NaN,1.21,         NaN,5.94,         NaN,         NaN,         NaN,9.94,         NaN,         NaN,3.78,         NaN,         NaN,1.4,111.37,3.24,         NaN,         NaN,         NaN,         NaN,         NaN
9.37,5.65,6.57,         NaN,7.57,         NaN,         NaN,         NaN,5.27,         NaN,2.27,28.44,         NaN,9.03,3.81,3.9,482.62,         NaN,         NaN,         NaN,         NaN,6.73,0.46,62.22,3.32,         NaN,         NaN,1.86,         NaN,21.69,         NaN,3.21,39.51,44.37,         NaN,         NaN,5.8,1.74,0.55,0.76,         NaN,2.26,8.13,55.38,319.63,3,         NaN,         NaN,         NaN,38.03,         NaN,57.53,         NaN,         NaN,12.27,         NaN,         NaN,         NaN,5.31,         NaN,         NaN,14.92,         NaN,12.42,         NaN,         NaN,         NaN,         NaN,3.66,         NaN,         NaN,0.76,7.02,2.69,         NaN,1.3,         NaN,         NaN,0.49,4.89,10.34,25.02,5.91,0.73,         NaN,12.85,         NaN,         NaN,         NaN,         NaN,         NaN,0.44,         NaN,1.24,         NaN,5.98,         NaN,         NaN,         NaN,10.15,         NaN,         NaN,3.84,         NaN,         NaN,1.43,112.93,3.26,         NaN,         NaN,         NaN,         NaN,         NaN
9.71,5.78,6.59,         NaN,7.63,         NaN,         NaN,         NaN,5.38,         NaN,2.29,29.02,         NaN,9.13,3.82,3.95,484.33,         NaN,         NaN,         NaN,         NaN,6.91,0.47,62.63,3.36,         NaN,         NaN,1.88,         NaN,21.91,         NaN,3.25,39.97,44.6,         NaN,         NaN,5.92,1.76,0.58,0.79,         NaN,2.29,8.2,56,322.92,3.01,         NaN,         NaN,         NaN,38.4,         NaN,58.26,         NaN,         NaN,12.51,         NaN,         NaN,         NaN,5.37,         NaN,         NaN,15.15,         NaN,12.55,         NaN,         NaN,         NaN,         NaN,3.74,         NaN,         NaN,0.76,7.13,2.71,         NaN,1.32,         NaN,         NaN,0.49,4.97,10.53,25.66,5.99,0.75,         NaN,13.03,         NaN,         NaN,         NaN,         NaN,         NaN,0.46,         NaN,1.26,         NaN,6.01,         NaN,         NaN,         NaN,10.38,         NaN,13.53,3.9,         NaN,         NaN,1.46,114.87,3.28,         NaN,         NaN,         NaN,         NaN,         NaN
10.06,5.9,6.61,         NaN,7.7,         NaN,         NaN,         NaN,5.49,         NaN,2.32,29.61,         NaN,9.27,3.84,4,486.05,         NaN,         NaN,         NaN,         NaN,7.08,0.48,63.02,3.39,         NaN,         NaN,1.89,         NaN,22.14,         NaN,3.28,40.4,44.92,         NaN,         NaN,5.91,1.78,0.6,0.81,         NaN,2.32,8.26,56.63,326.12,3,         NaN,         NaN,         NaN,38.75,         NaN,59.01,         NaN,         NaN,12.76,         NaN,         NaN,         NaN,5.39,         NaN,         NaN,15.39,         NaN,12.68,         NaN,         NaN,         NaN,         NaN,3.83,         NaN,         NaN,0.77,7.25,2.73,         NaN,1.35,         NaN,         NaN,0.49,5.05,10.74,26.08,6.06,0.77,         NaN,13.21,         NaN,         NaN,         NaN,         NaN,         NaN,0.47,         NaN,1.29,         NaN,6.03,         NaN,         NaN,         NaN,10.61,         NaN,13.62,3.95,         NaN,         NaN,1.49,117.09,3.31,         NaN,         NaN,         NaN,         NaN,         NaN
10.36,6.03,6.63,         NaN,7.77,         NaN,         NaN,         NaN,5.6,         NaN,2.35,30.22,         NaN,9.42,3.85,4.05,487.77,         NaN,         NaN,         NaN,         NaN,7.27,0.49,63.49,3.43,         NaN,         NaN,1.91,         NaN,22.36,         NaN,3.31,40.7,45.06,         NaN,         NaN,5.87,1.8,0.63,0.84,         NaN,2.35,8.32,57.27,329.41,2.98,         NaN,         NaN,         NaN,39.1,         NaN,59.85,         NaN,         NaN,12.99,         NaN,         NaN,         NaN,5.45,         NaN,         NaN,15.63,         NaN,12.81,         NaN,         NaN,         NaN,         NaN,3.91,         NaN,         NaN,0.77,7.35,2.75,         NaN,1.38,         NaN,         NaN,0.49,5.13,10.94,26.51,6.14,0.78,         NaN,13.4,         NaN,         NaN,         NaN,         NaN,         NaN,0.49,         NaN,1.32,         NaN,6.05,         NaN,         NaN,         NaN,10.86,         NaN,13.71,4.04,         NaN,         NaN,1.53,118.86,3.35,         NaN,         NaN,         NaN,         NaN,         NaN
10.66,6.15,6.65,         NaN,7.84,         NaN,         NaN,         NaN,5.72,         NaN,2.37,30.84,         NaN,9.58,3.87,4.11,489.5,         NaN,         NaN,         NaN,         NaN,7.46,0.5,63.96,3.45,         NaN,         NaN,1.92,         NaN,22.59,         NaN,3.34,40.96,45.23,         NaN,         NaN,5.95,1.81,0.61,0.87,         NaN,2.38,8.41,57.93,332.81,2.97,         NaN,         NaN,         NaN,39.44,         NaN,60.83,         NaN,         NaN,13.17,         NaN,         NaN,         NaN,5.49,         NaN,         NaN,15.88,         NaN,12.95,         NaN,         NaN,         NaN,         NaN,4,         NaN,         NaN,0.78,7.45,2.76,         NaN,1.41,         NaN,         NaN,0.49,5.21,11.15,26.91,6.21,0.8,         NaN,13.6,         NaN,         NaN,         NaN,         NaN,         NaN,0.51,         NaN,1.35,         NaN,6.07,         NaN,         NaN,         NaN,11.1,         NaN,13.8,4.13,         NaN,         NaN,1.56,120.46,3.4,         NaN,         NaN,         NaN,         NaN,         NaN
10.97,6.28,6.67,         NaN,7.9,         NaN,         NaN,         NaN,5.81,         NaN,2.4,31.47,         NaN,9.77,3.89,4.17,491.23,         NaN,         NaN,         NaN,         NaN,7.65,0.5,64.35,3.48,         NaN,         NaN,1.94,         NaN,22.82,         NaN,3.37,41.03,45.39,         NaN,         NaN,6.03,1.83,0.63,0.88,         NaN,2.41,8.48,58.62,336.1,2.96,         NaN,         NaN,         NaN,39.79,         NaN,61.77,         NaN,         NaN,13.34,         NaN,         NaN,         NaN,5.53,         NaN,         NaN,16.13,         NaN,13.08,         NaN,         NaN,         NaN,         NaN,4.09,         NaN,         NaN,0.78,7.56,2.77,         NaN,1.43,         NaN,         NaN,0.5,5.29,11.41,27.24,6.29,0.82,         NaN,13.77,         NaN,         NaN,         NaN,         NaN,         NaN,0.53,         NaN,1.37,         NaN,6.09,         NaN,         NaN,         NaN,11.36,         NaN,13.9,4.23,         NaN,         NaN,1.6,122.15,3.43,         NaN,         NaN,         NaN,         NaN,         NaN
11.29,6.4,6.69,         NaN,7.96,         NaN,         NaN,         NaN,5.89,         NaN,2.43,32.11,         NaN,9.97,3.93,4.23,492.97,         NaN,         NaN,         NaN,         NaN,7.85,0.51,64.73,3.5,         NaN,         NaN,1.95,         NaN,23.05,         NaN,3.4,41.14,45.58,         NaN,         NaN,6.11,1.85,0.65,0.9,         NaN,2.45,8.54,59.35,339.5,2.94,         NaN,         NaN,         NaN,40.12,         NaN,62.71,         NaN,         NaN,13.52,         NaN,         NaN,         NaN,5.67,         NaN,         NaN,16.38,         NaN,13.22,         NaN,         NaN,         NaN,         NaN,4.18,         NaN,         NaN,0.78,7.66,2.78,         NaN,1.45,         NaN,         NaN,0.5,5.37,11.63,27.6,6.37,0.84,         NaN,13.96,         NaN,         NaN,         NaN,         NaN,         NaN,0.55,         NaN,1.41,         NaN,6.11,         NaN,         NaN,         NaN,11.67,         NaN,14.12,4.32,         NaN,         NaN,1.64,123.65,3.47,         NaN,         NaN,         NaN,         NaN,         NaN
11.6,6.49,6.71,         NaN,8.03,         NaN,         NaN,         NaN,5.96,         NaN,2.46,32.77,         NaN,10.16,3.96,4.29,494.72,         NaN,         NaN,         NaN,         NaN,8.05,0.52,65.07,3.52,         NaN,         NaN,1.97,         NaN,23.28,         NaN,3.43,41.32,45.67,         NaN,         NaN,6.18,1.87,0.68,0.92,         NaN,2.48,8.61,60.11,343,2.94,         NaN,         NaN,         NaN,40.41,         NaN,63.6,         NaN,         NaN,13.7,         NaN,         NaN,         NaN,5.61,         NaN,         NaN,16.64,         NaN,13.36,         NaN,         NaN,         NaN,         NaN,4.27,         NaN,         NaN,0.79,7.76,2.79,         NaN,1.47,         NaN,         NaN,0.5,5.46,11.96,27.95,6.45,0.86,         NaN,14.16,         NaN,         NaN,         NaN,         NaN,         NaN,0.57,         NaN,1.44,         NaN,6.12,         NaN,         NaN,         NaN,11.99,         NaN,14.34,4.43,         NaN,         NaN,1.68,124.95,3.51,         NaN,         NaN,         NaN,         NaN,         NaN
11.9,6.56,6.73,         NaN,8.07,         NaN,         NaN,         NaN,6.04,         NaN,2.49,33.44,         NaN,10.34,3.99,4.35,496.48,         NaN,         NaN,         NaN,         NaN,8.15,0.53,65.42,3.54,         NaN,         NaN,1.99,         NaN,23.52,         NaN,3.45,41.7,45.87,         NaN,         NaN,6.26,1.89,0.71,0.94,         NaN,2.51,8.67,60.89,346.4,2.93,         NaN,         NaN,         NaN,40.73,         NaN,64.56,         NaN,         NaN,13.89,         NaN,         NaN,         NaN,5.65,         NaN,         NaN,16.93,         NaN,13.5,         NaN,         NaN,         NaN,         NaN,4.37,         NaN,         NaN,0.79,7.87,2.81,         NaN,1.49,         NaN,         NaN,0.51,5.54,12.24,28.3,6.53,0.88,         NaN,14.35,         NaN,         NaN,         NaN,         NaN,         NaN,0.6,         NaN,1.47,         NaN,6.14,         NaN,         NaN,         NaN,12.32,         NaN,14.56,4.56,         NaN,         NaN,1.7,126.4,3.55,         NaN,         NaN,         NaN,         NaN,         NaN
12.17,6.62,6.75,         NaN,8.12,         NaN,         NaN,         NaN,6.12,         NaN,2.51,34.13,         NaN,10.51,4.02,4.42,500.17,         NaN,         NaN,         NaN,         NaN,8.24,0.54,65.76,3.57,         NaN,         NaN,2.04,         NaN,23.75,         NaN,3.48,41.95,46.08,         NaN,         NaN,6.34,1.93,0.73,0.95,         NaN,2.54,8.75,61.94,351.14,2.93,         NaN,         NaN,         NaN,41.07,         NaN,65.57,         NaN,         NaN,14.1,         NaN,         NaN,         NaN,5.69,         NaN,         NaN,17.23,         NaN,13.64,         NaN,         NaN,         NaN,         NaN,4.47,         NaN,         NaN,0.81,7.98,2.82,         NaN,1.51,         NaN,         NaN,0.52,5.63,12.53,28.71,6.61,0.9,         NaN,14.57,         NaN,         NaN,         NaN,         NaN,         NaN,0.56,         NaN,1.49,         NaN,6.16,         NaN,         NaN,         NaN,12.66,         NaN,14.8,4.68,         NaN,         NaN,1.73,127.39,3.59,         NaN,         NaN,         NaN,         NaN,         NaN
12.41,6.67,6.77,         NaN,8.18,         NaN,         NaN,         NaN,6.2,         NaN,2.54,34.83,         NaN,10.65,4.04,4.49,503.89,         NaN,         NaN,         NaN,         NaN,8.34,0.55,66.06,3.6,         NaN,         NaN,2.1,         NaN,23.97,         NaN,3.51,41.95,46.34,         NaN,         NaN,6.42,1.99,0.78,0.97,         NaN,2.58,8.81,63.03,356.08,2.95,         NaN,         NaN,         NaN,41.37,         NaN,66.56,         NaN,         NaN,14.32,         NaN,         NaN,         NaN,5.73,         NaN,         NaN,17.54,         NaN,13.83,         NaN,         NaN,         NaN,         NaN,4.56,         NaN,         NaN,0.81,8.1,2.84,         NaN,1.52,         NaN,         NaN,0.54,5.72,12.83,29.12,6.69,0.92,         NaN,14.77,         NaN,         NaN,         NaN,         NaN,         NaN,0.58,         NaN,1.5,         NaN,6.19,         NaN,         NaN,         NaN,13.01,         NaN,15.03,4.8,         NaN,         NaN,1.76,128.21,3.63,         NaN,         NaN,         NaN,         NaN,         NaN
12.63,6.73,6.79,         NaN,8.23,         NaN,         NaN,         NaN,6.28,         NaN,2.57,35.54,         NaN,10.77,4.06,4.57,507.64,         NaN,         NaN,         NaN,         NaN,8.44,0.56,66.37,3.63,         NaN,         NaN,2.14,         NaN,24.2,         NaN,3.53,41.98,46.52,         NaN,         NaN,6.49,2.04,0.8,0.99,         NaN,2.61,8.87,64.16,361.13,2.96,         NaN,         NaN,         NaN,41.69,         NaN,67.56,         NaN,         NaN,14.55,         NaN,         NaN,         NaN,5.76,         NaN,         NaN,17.86,         NaN,14.02,         NaN,         NaN,         NaN,         NaN,4.65,         NaN,         NaN,0.82,8.22,2.86,         NaN,1.53,         NaN,         NaN,0.55,5.82,13.13,29.52,6.77,0.94,         NaN,14.95,         NaN,         NaN,         NaN,         NaN,         NaN,0.51,         NaN,1.52,         NaN,6.21,         NaN,         NaN,         NaN,13.32,         NaN,15.27,4.92,         NaN,         NaN,1.79,128.97,3.66,         NaN,         NaN,         NaN,         NaN,         NaN
12.84,6.78,6.8,         NaN,8.26,         NaN,         NaN,         NaN,6.36,         NaN,2.6,36.27,         NaN,10.88,4.08,4.64,510.32,         NaN,         NaN,         NaN,         NaN,8.54,0.58,66.75,3.67,         NaN,         NaN,2.19,         NaN,24.42,         NaN,3.55,42.04,46.67,         NaN,         NaN,6.59,2.07,0.82,1,         NaN,2.64,8.94,65.33,366.17,2.97,         NaN,         NaN,         NaN,42.03,         NaN,68.47,         NaN,         NaN,14.77,         NaN,         NaN,         NaN,5.81,         NaN,         NaN,18.18,         NaN,14.22,         NaN,         NaN,         NaN,         NaN,4.75,         NaN,         NaN,0.83,8.32,2.87,         NaN,1.55,         NaN,         NaN,0.57,5.91,13.45,29.87,6.86,0.97,         NaN,15.14,         NaN,         NaN,         NaN,         NaN,         NaN,0.52,         NaN,1.54,         NaN,6.23,         NaN,         NaN,         NaN,13.64,         NaN,15.51,5.05,         NaN,         NaN,1.82,129.79,3.7,         NaN,         NaN,         NaN,         NaN,         NaN
13.05,6.83,6.81,         NaN,8.28,         NaN,         NaN,         NaN,6.43,         NaN,2.63,37.01,         NaN,10.98,4.09,4.72,513.02,         NaN,         NaN,         NaN,         NaN,8.65,0.59,67.22,3.7,         NaN,         NaN,2.24,         NaN,24.65,         NaN,3.58,42.03,46.87,         NaN,         NaN,6.69,2.11,0.83,1.02,         NaN,2.68,9.01,66.53,371.32,2.97,         NaN,         NaN,         NaN,42.36,         NaN,69.62,         NaN,         NaN,15.01,         NaN,         NaN,         NaN,5.83,         NaN,         NaN,18.52,         NaN,14.41,         NaN,         NaN,         NaN,         NaN,4.84,         NaN,         NaN,0.85,8.41,2.89,         NaN,1.56,         NaN,         NaN,0.59,6.01,13.77,30.23,6.94,0.99,         NaN,15.29,         NaN,         NaN,         NaN,         NaN,         NaN,0.57,         NaN,1.56,         NaN,6.25,         NaN,         NaN,         NaN,13.97,         NaN,15.76,5.17,         NaN,         NaN,1.85,130.69,3.73,         NaN,         NaN,         NaN,         NaN,         NaN
13.27,6.88,6.8,         NaN,8.31,         NaN,         NaN,         NaN,6.48,         NaN,2.66,37.77,         NaN,11.09,4.1,4.8,515.72,         NaN,         NaN,         NaN,         NaN,8.75,0.6,67.7,3.72,         NaN,         NaN,2.3,         NaN,24.89,         NaN,3.61,42,47.08,         NaN,         NaN,6.78,2.16,0.85,1.04,         NaN,2.71,9.07,67.78,376.57,2.97,         NaN,         NaN,         NaN,42.68,         NaN,70.56,         NaN,         NaN,15.12,         NaN,         NaN,         NaN,5.88,         NaN,         NaN,18.77,         NaN,14.61,         NaN,         NaN,         NaN,         NaN,4.94,         NaN,         NaN,0.88,8.5,2.9,         NaN,1.57,         NaN,         NaN,0.6,6.11,14.1,30.57,7.03,1.01,         NaN,15.48,         NaN,         NaN,         NaN,         NaN,         NaN,0.6,         NaN,1.58,         NaN,6.27,         NaN,         NaN,         NaN,14.3,         NaN,16.03,5.29,         NaN,         NaN,1.88,131.53,3.78,         NaN,         NaN,         NaN,         NaN,         NaN
13.5,6.94,6.8,         NaN,8.34,         NaN,         NaN,         NaN,6.53,         NaN,2.69,38.54,         NaN,11.19,4.11,4.89,518.45,         NaN,         NaN,         NaN,         NaN,8.85,0.62,68.18,3.75,         NaN,         NaN,2.35,         NaN,25.12,         NaN,3.63,42.02,47.29,         NaN,         NaN,6.87,2.21,1.11,1.06,         NaN,2.75,9.13,69.08,381.93,2.95,         NaN,         NaN,         NaN,43,         NaN,71.67,         NaN,         NaN,15.25,         NaN,         NaN,         NaN,5.93,         NaN,         NaN,19.1,         NaN,14.81,         NaN,         NaN,         NaN,         NaN,5.05,         NaN,         NaN,0.9,8.58,2.92,         NaN,1.58,         NaN,         NaN,0.62,6.21,14.43,30.89,7.12,1.04,         NaN,15.66,         NaN,         NaN,         NaN,         NaN,         NaN,0.65,         NaN,1.6,         NaN,6.29,         NaN,         NaN,         NaN,14.64,         NaN,16.31,5.42,         NaN,         NaN,1.91,132.33,3.84,         NaN,         NaN,         NaN,         NaN,         NaN
13.73,7,6.8,         NaN,8.37,         NaN,         NaN,         NaN,6.58,         NaN,2.73,39.33,         NaN,11.3,4.13,4.98,521.18,         NaN,         NaN,         NaN,         NaN,8.96,0.63,68.91,3.78,         NaN,         NaN,2.41,         NaN,25.36,         NaN,3.66,42.05,47.5,         NaN,         NaN,6.95,2.25,1.28,1.08,         NaN,2.78,9.19,70.42,387.28,2.94,         NaN,         NaN,         NaN,43.35,         NaN,72.28,         NaN,         NaN,15.37,         NaN,         NaN,         NaN,5.98,         NaN,         NaN,19.43,         NaN,15.02,         NaN,         NaN,         NaN,         NaN,5.16,         NaN,         NaN,0.91,8.66,2.94,         NaN,1.6,         NaN,         NaN,0.63,6.31,14.78,31.17,7.2,1.06,         NaN,15.83,         NaN,         NaN,         NaN,         NaN,         NaN,0.71,         NaN,1.62,         NaN,6.31,         NaN,         NaN,         NaN,14.9,         NaN,16.6,5.54,         NaN,         NaN,1.94,133.36,3.9,         NaN,         NaN,         NaN,         NaN,         NaN
13.99,7.07,6.7,         NaN,8.39,         NaN,         NaN,         NaN,6.63,         NaN,2.76,40.14,         NaN,11.41,4.14,5.07,523.94,         NaN,         NaN,         NaN,         NaN,9.2,0.65,69.65,3.81,         NaN,         NaN,2.47,         NaN,25.6,         NaN,3.69,41.99,47.99,         NaN,         NaN,7.05,2.3,1.51,1.1,         NaN,2.82,9.25,71.82,392.74,2.93,         NaN,         NaN,         NaN,43.8,         NaN,72.77,         NaN,         NaN,15.49,         NaN,         NaN,         NaN,6.03,         NaN,         NaN,19.76,         NaN,15.22,         NaN,         NaN,         NaN,         NaN,5.27,         NaN,         NaN,0.95,8.76,2.95,         NaN,1.62,         NaN,         NaN,0.65,6.41,15.1,31.47,7.29,1.09,         NaN,15.98,         NaN,         NaN,         NaN,         NaN,         NaN,0.73,         NaN,1.64,         NaN,6.34,         NaN,         NaN,         NaN,15.16,         NaN,17.08,5.67,         NaN,         NaN,1.93,134.45,3.98,         NaN,         NaN,         NaN,         NaN,         NaN
14.18,7.14,6.75,         NaN,8.34,         NaN,         NaN,         NaN,6.68,         NaN,2.79,40.96,         NaN,11.53,4.16,5.16,526.7,         NaN,         NaN,         NaN,         NaN,9.44,0.66,70.2,3.83,         NaN,         NaN,2.52,         NaN,25.84,         NaN,3.7,41.09,48.23,         NaN,         NaN,7.17,2.35,1.54,1.13,         NaN,2.85,9.31,73.27,398.3,2.96,         NaN,         NaN,         NaN,44.27,         NaN,73.37,         NaN,         NaN,15.61,         NaN,         NaN,         NaN,6.07,         NaN,         NaN,20.11,         NaN,15.44,         NaN,         NaN,         NaN,         NaN,5.38,         NaN,         NaN,0.97,8.86,2.97,         NaN,1.63,         NaN,         NaN,0.69,6.51,15.38,30.12,7.38,1.11,         NaN,16.14,         NaN,         NaN,         NaN,         NaN,         NaN,0.75,         NaN,1.66,         NaN,6.37,         NaN,         NaN,         NaN,15.43,         NaN,17.38,5.83,         NaN,         NaN,1.96,135.57,4.08,         NaN,         NaN,         NaN,         NaN,         NaN
14.41,7.21,6.79,         NaN,8.27,         NaN,         NaN,         NaN,6.73,         NaN,2.82,41.91,         NaN,11.66,4.19,5.26,529.48,         NaN,         NaN,         NaN,         NaN,9.7,0.67,70.61,3.86,         NaN,         NaN,2.6,         NaN,26.06,         NaN,3.71,39.69,48.22,         NaN,         NaN,7.25,2.4,1.42,1.15,         NaN,2.89,9.37,74.46,403.35,2.99,         NaN,         NaN,         NaN,44.67,         NaN,74.42,         NaN,         NaN,15.84,         NaN,         NaN,         NaN,6.1,         NaN,         NaN,20.66,         NaN,15.65,         NaN,         NaN,         NaN,         NaN,5.5,         NaN,         NaN,0.98,8.94,2.99,         NaN,1.62,         NaN,         NaN,0.71,6.62,15.68,         NaN,7.46,1.14,         NaN,16.01,         NaN,         NaN,         NaN,         NaN,         NaN,0.77,         NaN,1.68,         NaN,6.4,         NaN,         NaN,         NaN,15.7,         NaN,17.57,5.99,         NaN,         NaN,1.98,136.88,4.16,         NaN,         NaN,         NaN,         NaN,         NaN
14.64,7.28,6.83,         NaN,8.24,         NaN,         NaN,         NaN,6.78,         NaN,2.85,42.91,         NaN,11.81,4.22,5.36,532.28,         NaN,         NaN,         NaN,         NaN,9.96,0.69,71.2,3.9,         NaN,         NaN,2.63,         NaN,26.26,         NaN,3.71,39.49,48.4,         NaN,         NaN,7.23,2.46,         NaN,1.18,         NaN,2.92,9.42,75.64,408.08,2.96,         NaN,         NaN,         NaN,44.93,         NaN,75.45,         NaN,         NaN,16.08,         NaN,         NaN,         NaN,6.13,         NaN,         NaN,21.23,         NaN,15.56,         NaN,         NaN,         NaN,         NaN,5.54,         NaN,         NaN,1,9.02,3.01,         NaN,1.63,         NaN,         NaN,0.77,6.74,15.92,         NaN,7.53,1.16,         NaN,16.07,         NaN,         NaN,         NaN,         NaN,         NaN,         NaN,         NaN,1.71,         NaN,6.44,         NaN,         NaN,         NaN,15.97,         NaN,17.75,6.16,         NaN,         NaN,2,138.38,4.24,         NaN,         NaN,         NaN,         NaN,         NaN
14.88,7.34,6.85,         NaN,8.24,         NaN,         NaN,         NaN,6.84,         NaN,2.89,43.93,         NaN,11.95,4.26,5.46,535.08,         NaN,         NaN,         NaN,         NaN,10.22,0.7,70.78,3.95,         NaN,         NaN,2.7,         NaN,26.47,         NaN,3.73,39.09,48.79,         NaN,         NaN,7.19,2.5,         NaN,1.19,         NaN,2.96,9.47,76.46,412.82,2.95,         NaN,         NaN,         NaN,45.11,         NaN,76.43,         NaN,         NaN,16.32,         NaN,         NaN,         NaN,6.23,         NaN,         NaN,21.81,         NaN,15.73,         NaN,         NaN,         NaN,         NaN,5.57,         NaN,         NaN,1.03,9.08,3.03,         NaN,1.63,         NaN,         NaN,0.79,6.85,16.28,         NaN,7.6,1.19,         NaN,16.07,         NaN,         NaN,         NaN,         NaN,         NaN,         NaN,         NaN,1.72,         NaN,6.5,         NaN,         NaN,         NaN,16.37,         NaN,17.94,6.31,         NaN,         NaN,2.02,140.31,4.33,         NaN,         NaN,         NaN,         NaN,         NaN
15.14,7.41,6.88,         NaN,8.29,         NaN,         NaN,         NaN,6.9,         NaN,2.92,44.97,         NaN,12.1,4.3,5.56,537.91,         NaN,         NaN,         NaN,         NaN,10.5,0.72,70.23,4,         NaN,         NaN,2.77,         NaN,26.68,         NaN,3.74,38.99,49.02,         NaN,         NaN,7.17,2.55,         NaN,1.22,         NaN,3,9.52,76.49,417.66,2.94,         NaN,         NaN,         NaN,45.22,         NaN,77.61,         NaN,         NaN,16.56,         NaN,         NaN,         NaN,6.37,         NaN,         NaN,22.41,         NaN,15.9,         NaN,         NaN,         NaN,         NaN,5.61,         NaN,         NaN,1.05,9.15,3.06,         NaN,1.65,         NaN,         NaN,0.78,6.97,16.59,         NaN,7.67,1.22,         NaN,16.18,         NaN,         NaN,         NaN,         NaN,         NaN,         NaN,         NaN,1.75,         NaN,6.57,         NaN,         NaN,         NaN,16.77,         NaN,18.13,6.26,         NaN,         NaN,2.05,142.01,4.43,         NaN,         NaN,         NaN,         NaN,         NaN
15.4,7.5,6.84,         NaN,8.33,         NaN,         NaN,         NaN,6.96,         NaN,2.95,46.04,         NaN,12.23,4.34,5.67,540.75,         NaN,         NaN,         NaN,         NaN,10.78,0.75,67.35,4.05,         NaN,         NaN,2.84,         NaN,26.88,         NaN,3.76,39.79,49.18,         NaN,         NaN,7.21,2.61,         NaN,1.24,         NaN,3.04,9.05,76.39,422.6,2.95,         NaN,         NaN,         NaN,45.37,         NaN,76.65,         NaN,         NaN,17.9,         NaN,         NaN,         NaN,6.58,         NaN,         NaN,23.39,         NaN,16.07,         NaN,         NaN,         NaN,         NaN,5.65,         NaN,         NaN,1.07,9.24,3.09,         NaN,1.68,         NaN,         NaN,0.78,7.09,16.91,         NaN,7.73,1.25,         NaN,16.16,         NaN,         NaN,         NaN,         NaN,         NaN,         NaN,         NaN,1.77,         NaN,6.64,         NaN,         NaN,         NaN,17.19,         NaN,18.33,6.13,         NaN,         NaN,2.07,143.58,4.55,         NaN,         NaN,         NaN,         NaN,         NaN
15.66,7.58,7.05,         NaN,8.36,         NaN,         NaN,         NaN,7.01,         NaN,2.99,47.14,         NaN,12.46,4.4,5.77,543.6,         NaN,         NaN,         NaN,         NaN,11.07,0.76,65.01,4.1,         NaN,         NaN,2.92,         NaN,27.09,         NaN,3.81,40.38,49.22,         NaN,         NaN,7.31,2.67,1.34,1.27,         NaN,3.07,9.07,76.89,427.54,2.96,         NaN,         NaN,         NaN,45.65,         NaN,77.63,         NaN,         NaN,19.35,         NaN,         NaN,         NaN,6.78,         NaN,         NaN,24.07,         NaN,16.23,         NaN,         NaN,         NaN,         NaN,5.69,         NaN,         NaN,1.11,9.4,3.13,         NaN,1.75,         NaN,         NaN,0.78,7.21,17.41,24.04,7.8,1.27,         NaN,16.21,         NaN,         NaN,         NaN,         NaN,         NaN,         NaN,         NaN,1.79,         NaN,6.73,         NaN,         NaN,         NaN,17.61,         NaN,18.76,6,         NaN,         NaN,2.1,145.08,4.68,         NaN,         NaN,         NaN,         NaN,         NaN
15.95,7.69,7.02,         NaN,8.45,         NaN,         NaN,         NaN,7.08,         NaN,3.02,48.26,         NaN,12.73,4.45,5.88,546.47,         NaN,         NaN,         NaN,         NaN,11.36,0.78,66.44,4.15,         NaN,         NaN,3,         NaN,27.31,         NaN,3.86,40.77,49.52,         NaN,         NaN,7.42,2.74,1.51,1.3,         NaN,3.1,9.1,77.71,356.29,2.97,         NaN,         NaN,         NaN,45.97,         NaN,78.55,         NaN,         NaN,19.87,         NaN,         NaN,         NaN,6.96,         NaN,         NaN,24.77,         NaN,16.4,         NaN,         NaN,         NaN,         NaN,5.73,         NaN,         NaN,1.14,9.61,3.16,         NaN,1.79,         NaN,         NaN,0.8,7.33,17.94,23.81,7.87,1.3,         NaN,16.08,         NaN,         NaN,         NaN,         NaN,         NaN,0.94,         NaN,1.81,         NaN,6.81,         NaN,         NaN,         NaN,18.05,         NaN,19.2,6.41,         NaN,         NaN,2.12,147.89,4.83,         NaN,         NaN,         NaN,         NaN,         NaN
16.31,7.83,7,         NaN,8.55,         NaN,         NaN,         NaN,7.14,         NaN,3.06,49.4,         NaN,13,4.51,5.99,549.36,         NaN,         NaN,         NaN,         NaN,11.67,0.8,67.64,4.19,         NaN,         NaN,3.08,         NaN,27.52,         NaN,3.92,41.2,50.02,         NaN,         NaN,7.63,2.82,1.55,1.33,         NaN,3.14,9.18,78.67,360.41,2.98,         NaN,         NaN,         NaN,46.31,         NaN,80.6,         NaN,         NaN,20.01,         NaN,         NaN,         NaN,7.17,         NaN,         NaN,25.49,         NaN,16.57,         NaN,         NaN,         NaN,         NaN,5.86,         NaN,         NaN,1.17,9.78,3.2,         NaN,1.83,         NaN,         NaN,0.82,7.46,18.47,24.06,7.94,1.33,         NaN,16.13,         NaN,         NaN,         NaN,         NaN,         NaN,0.96,         NaN,1.84,         NaN,6.89,         NaN,         NaN,         NaN,18.47,         NaN,19.66,6.71,         NaN,         NaN,2.15,150.46,5.02,         NaN,         NaN,         NaN,         NaN,         NaN
16.74,8.03,6.99,         NaN,8.61,         NaN,         NaN,         NaN,7.21,         NaN,3.09,50.58,         NaN,13.29,4.57,6.09,552.26,         NaN,         NaN,         NaN,         NaN,11.98,0.82,68.34,4.23,         NaN,         NaN,3.17,         NaN,27.74,         NaN,3.97,41.57,50.31,         NaN,         NaN,7.74,2.9,1.6,1.37,         NaN,3.18,9.28,79.91,365.55,2.98,         NaN,         NaN,         NaN,46.66,         NaN,82.43,         NaN,         NaN,20.19,         NaN,         NaN,         NaN,7.38,         NaN,         NaN,26.23,         NaN,16.74,         NaN,         NaN,         NaN,         NaN,6,         NaN,         NaN,1.2,9.93,3.23,         NaN,1.86,         NaN,         NaN,0.83,7.59,19.03,24.49,8.01,1.36,         NaN,16.32,         NaN,         NaN,         NaN,         NaN,         NaN,0.98,         NaN,1.87,         NaN,6.97,         NaN,         NaN,         NaN,18.89,         NaN,20.12,7.29,         NaN,         NaN,2.18,153.08,5.22,         NaN,         NaN,         NaN,         NaN,         NaN
17.16,8.39,6.98,2.32,8.63,1.86,4.64,44.1,7.27,2.69,2.87,53.24,1.25,13.82,4.62,6.22,555.17,2.69,4.74,12.47,0.89,11.93,0.92,68.73,4.27,2.4,9.29,3.45,22.13,28.15,19.45,4.01,42.61,50.13,5.18,3,7.45,3.17,1.93,1.41,4.07,3.21,9.36,81.38,369.67,2.96,16.16,5.44,1.26,47.03,0.64,84.27,6.12,4.23,20.83,1.78,1.31,0.83,7.45,9.4,4.49,28.08,3.96,18.13,0.8,6.15,0.9,2.88,6.37,3.05,32.02,1.28,10.09,3.26,9.05,1.9,0.45,34.88,0.89,7.72,19.6,24.91,8.12,1.47,1.11,16.55,101.66,2.43,3.69,6,2.62,1.02,2.01,1.97,         NaN,7.02,3.55,2.55,1.26,19.93,3.48,20.6,7.44,7.82,5.35,2.18,155.64,5.4,25.84,4.59,13.66,2.51,2.68
17.53,8.63,6.98,2.36,8.67,1.9,4.69,44.58,7.27,2.75,2.93,54.79,1.27,14.13,4.68,6.38,566,2.74,4.8,12.71,0.9,12.32,0.95,69.07,4.31,2.46,9.48,3.54,22.66,28.38,19.78,4.05,42.96,50.29,5.32,3.04,7.53,3.27,1.99,1.45,4.09,3.26,9.45,82.53,375.97,2.96,16.61,5.58,1.46,47.35,0.67,85.64,6.29,4.33,20.86,1.82,1.35,0.85,7.67,9.69,4.56,28.88,4.03,18.41,0.81,6.25,0.9,2.93,6.52,3.1,32.72,1.32,10.24,3.29,9.15,1.94,0.46,35.7,0.91,7.91,20.2,25.35,8.17,1.51,1.11,16.71,103.22,2.48,3.76,6.17,2.67,1.07,2.04,2.03,         NaN,7.08,3.63,2.58,1.29,20.54,3.55,21.13,7.76,8.01,5.5,2.21,158.3,5.62,26.3,4.68,13.99,2.56,2.77
17.88,8.82,6.97,2.4,8.73,1.93,4.74,45.29,7.29,2.82,2.99,56.39,1.28,14.58,4.74,6.51,577.61,2.8,4.86,12.95,0.92,12.71,0.99,69.44,4.34,2.54,9.69,3.63,23.2,28.64,20.12,4.1,43.28,50.43,5.46,3.09,7.62,3.38,2.09,1.49,4.11,3.32,9.53,83.68,382.58,2.95,17.06,5.73,1.59,47.59,0.7,86.94,6.47,4.44,20.93,1.85,1.39,0.87,7.9,10,4.63,29.72,4.12,18.69,0.82,6.35,0.91,2.98,6.68,3.15,33.44,1.36,10.36,3.33,9.24,1.99,0.47,36.55,0.93,8.12,20.81,25.82,8.2,1.55,1.12,16.87,105.09,2.52,3.83,6.34,2.72,1.13,2.07,2.08,6.77,7.14,3.72,2.62,1.31,21.17,3.61,21.69,8.05,8.2,5.65,2.24,161.04,5.86,26.76,4.77,14.33,2.62,2.89
18.24,8.99,6.98,2.44,8.77,1.97,4.79,46.04,7.36,2.89,3.05,58.05,1.3,14.98,4.8,6.63,587.31,2.85,4.92,13.2,0.93,13.13,1.02,69.84,4.37,2.62,9.96,3.72,23.75,28.89,20.46,4.14,43.59,50.6,5.61,3.13,7.7,3.49,2.2,1.54,4.14,3.37,9.62,84.89,389.47,2.95,17.53,5.89,1.64,47.88,0.72,88.14,6.65,4.55,21.04,1.89,1.43,0.89,8.14,10.26,4.7,30.59,4.2,18.98,0.83,6.45,0.92,3.03,6.86,3.2,34.19,1.4,10.47,3.36,9.34,2.04,0.48,37.44,0.95,8.32,21.45,26.31,8.25,1.6,1.13,17.09,107.01,2.58,3.9,6.52,2.77,1.19,2.1,2.14,6.86,7.18,3.81,2.66,1.34,21.84,3.68,22.27,8.33,8.4,5.8,2.27,163.73,6.11,27.25,4.87,14.69,2.68,3
18.59,9.19,6.99,2.48,8.81,2.01,4.84,46.95,7.44,2.94,3.12,59.77,1.32,15.42,4.85,6.75,597.9,2.91,4.99,13.47,0.95,13.55,1.06,70.26,4.41,2.7,10.04,3.82,24.32,29.15,20.83,4.19,43.92,50.77,5.76,3.18,7.77,3.61,2.32,1.59,4.16,3.43,9.73,86.14,396.63,2.94,18,6.05,1.68,48.22,0.75,89.25,6.84,4.66,21.24,1.92,1.46,0.91,8.38,10.55,4.78,31.51,4.28,19.27,0.85,6.56,0.93,3.09,7.05,3.26,35.18,1.45,10.59,3.39,9.44,2.09,0.49,38.35,0.98,8.54,22.1,26.8,8.31,1.64,1.14,17.29,108.91,2.63,3.97,6.7,2.83,1.25,2.13,2.2,6.95,7.22,3.9,2.7,1.37,22.56,3.74,22.88,8.65,8.62,5.96,2.31,166.63,6.38,27.74,4.96,15.06,2.75,3.1
18.94,9.41,6.99,2.53,8.86,2.05,4.89,47.91,7.51,3,3.19,61.54,1.34,15.83,4.9,6.88,609.97,2.97,5.06,13.74,0.97,13.99,1.1,70.69,4.44,2.79,10.28,3.93,24.9,29.41,21.2,4.24,44.32,50.95,5.92,3.23,7.85,3.72,2.44,1.64,4.19,3.49,9.85,87.45,404.04,2.92,18.5,6.22,1.74,48.56,0.79,90.31,7.04,4.78,21.53,1.96,1.5,0.93,8.6,10.84,4.86,32.46,4.37,19.58,0.86,6.68,0.94,3.15,7.24,3.32,36.21,1.49,10.73,3.43,9.54,2.13,0.5,39.28,1,8.77,22.77,27.31,8.36,1.68,1.15,17.58,110.82,2.69,4.05,6.89,2.89,1.3,2.15,2.26,7.05,7.27,4,2.74,1.4,23.32,3.81,23.55,8.97,8.84,6.12,2.34,169.6,6.65,28.28,5.06,15.44,2.82,3.2
19.28,9.64,7,2.57,8.92,2.1,4.95,48.75,7.59,3.05,3.26,63.39,1.36,16.22,4.97,7.03,622.45,3.04,5.13,14.02,0.99,14.44,1.14,71.13,4.47,2.88,10.5,4.04,25.5,29.67,21.59,4.29,44.76,51.19,6.08,3.28,7.91,3.85,2.55,1.69,4.21,3.55,9.94,88.8,411.72,2.9,19.01,6.4,1.82,48.85,0.82,91.27,7.24,4.9,22.01,2,1.55,0.96,8.82,11.15,4.95,33.47,4.45,19.89,0.88,6.8,0.95,3.22,7.45,3.38,37.27,1.54,10.86,3.46,9.64,2.17,0.51,40.26,1.03,9,23.47,27.84,8.42,1.72,1.16,17.84,112.55,2.75,4.14,7.08,2.95,1.37,2.18,2.33,7.11,7.33,4.1,2.79,1.43,24.11,3.87,24.26,9.29,9.07,6.3,2.38,172.64,6.93,28.88,5.17,15.82,2.89,3.31
19.62,9.85,7.01,2.62,8.98,2.14,5,49.6,7.67,3.1,3.33,65.31,1.38,16.78,5.05,7.2,636.6,3.1,5.2,14.31,1.01,14.91,1.18,71.6,4.49,2.98,10.73,4.15,26.11,29.93,22,4.33,45.25,51.43,6.25,3.33,7.97,3.97,2.65,1.74,4.23,3.62,9.87,90.2,419.67,2.88,19.54,6.58,1.91,49.11,0.85,92.07,7.46,5.03,22.59,2.05,1.59,0.98,9.05,11.47,5.04,34.52,4.54,20.22,0.9,6.93,0.96,3.29,7.66,3.44,38.36,1.59,11,3.49,9.75,2.22,0.52,41.27,1.06,9.25,24.18,28.33,8.48,1.77,1.17,18.09,114.24,2.81,4.22,7.27,3.01,1.44,2.22,2.4,7.17,7.37,4.21,2.83,1.46,24.9,3.91,25.04,9.6,9.31,6.47,2.41,175.79,7.22,29.56,5.29,16.22,2.96,3.42
19.96,10.06,7.03,2.66,9.05,2.19,5.05,50.6,7.74,3.15,3.4,67.28,1.41,17.22,5.12,7.37,650.16,3.17,5.28,14.62,1.03,15.4,1.23,72.09,4.52,3.08,10.95,4.27,26.73,30.2,22.42,4.37,45.76,51.65,6.43,3.39,8.05,4.1,2.76,1.8,4.24,3.69,9.91,91.63,427.89,2.85,20.1,6.78,1.99,49.4,0.89,92.9,7.68,5.17,23.23,2.09,1.63,1.01,9.29,11.8,5.13,35.63,4.63,20.55,0.93,7.07,0.97,3.36,7.89,3.51,39.49,1.64,11.16,3.52,9.85,2.27,0.53,42.32,1.08,9.5,24.92,28.79,8.55,1.81,1.17,18.32,115.94,2.88,4.31,7.47,3.08,1.52,2.25,2.47,7.23,7.42,4.33,2.88,1.5,25.7,3.97,25.85,9.92,9.57,6.65,2.45,178.75,7.52,30.36,5.4,16.63,3.04,3.53
20.29,10.28,7.06,2.71,9.1,2.23,5.11,51.65,7.81,3.21,3.48,69.32,1.43,17.63,5.18,7.55,657.85,3.25,5.36,14.93,1.05,15.9,1.28,72.62,4.55,3.18,11.17,4.39,27.37,30.47,22.86,4.4,46.23,51.96,6.61,3.44,8.13,4.24,2.88,1.86,4.26,3.76,9.97,93.1,436.38,2.84,20.69,6.98,2.04,49.76,0.93,93.82,7.92,5.31,23.96,2.14,1.68,1.04,9.54,12.14,5.23,36.8,4.73,20.89,0.95,7.21,0.98,3.44,8.12,3.57,40.65,1.69,11.32,3.55,9.97,2.32,0.54,43.41,1.11,9.77,25.68,29.25,8.62,1.86,1.2,18.49,117.63,2.95,4.41,7.68,3.15,1.59,2.28,2.55,7.3,7.46,4.46,2.92,1.53,26.52,4.04,26.68,10.29,9.83,6.84,2.48,181.76,7.83,31.28,5.52,17.05,3.12,3.65
20.63,10.51,7.09,2.76,9.11,2.28,5.16,52.74,7.88,3.27,3.56,71.43,1.46,18.02,5.28,7.74,654.14,3.36,5.44,15.26,1.07,16.42,1.33,73.19,4.58,3.29,11.39,4.52,28.02,30.74,23.3,4.44,46.69,52.37,6.81,3.5,8.2,4.38,3.01,1.92,4.28,3.83,10.01,94.53,445.14,2.83,21.29,7.19,2.1,50.12,0.97,94.62,8.16,5.45,24.76,2.18,1.72,1.06,9.81,12.49,5.33,38.03,4.82,21.24,0.98,7.36,1,3.52,8.35,3.65,41.84,1.74,11.46,3.58,10.1,2.36,0.56,44.55,1.14,10.04,26.46,29.69,8.69,1.91,1.21,18.67,119.3,3.02,4.51,7.9,3.22,1.64,2.31,2.63,7.37,7.49,4.6,2.97,1.57,27.36,4.11,27.52,10.67,10.11,7.04,2.52,184.67,8.14,32.27,5.65,17.49,3.19,3.76
20.96,10.75,7.13,2.84,9.16,2.34,5.19,53.82,7.96,3.33,3.64,73.56,1.49,18.38,5.43,7.94,648.12,3.48,5.53,15.58,1.1,16.96,1.38,73.8,4.61,3.4,11.62,4.65,28.73,31,23.77,4.47,47.23,52.81,7,3.57,8.27,4.52,3.1,1.99,4.3,3.91,10.06,96.65,454.17,2.82,21.92,7.4,2.18,50.45,1.01,95.47,8.42,5.6,25.59,2.23,1.77,1.09,10.08,12.81,5.43,39.27,4.92,21.61,1.01,7.51,1.01,3.61,8.58,3.72,43.08,1.8,11.61,3.61,10.24,2.42,0.57,45.72,1.17,10.33,27.28,30.08,8.69,1.96,1.21,18.84,120.99,3.03,4.61,8.11,3.3,1.7,2.35,2.71,7.44,7.53,4.75,3.03,1.61,28.22,4.18,28.31,11.03,10.4,7.24,2.55,187.75,8.45,33.34,5.76,17.95,3.28,3.89
21.29,10.95,7.18,2.91,9.21,2.39,5.22,54.88,8.03,3.38,3.73,75.76,1.51,18.73,5.58,8.13,656.79,3.61,5.62,16.06,1.12,17.51,1.43,74.45,4.65,3.52,11.49,4.79,29.41,31.25,24.25,4.5,48.2,53.29,7.19,3.63,8.32,4.66,3.23,2.06,4.32,3.99,10.09,98.56,463.56,2.83,22.57,7.63,2.27,50.77,1.07,96.37,8.68,5.75,26.39,2.28,1.82,1.12,10.36,13.13,5.54,40.54,5.02,21.99,1.03,7.67,1.02,3.71,8.82,3.8,44.35,1.86,11.78,3.64,10.4,2.48,0.58,46.95,1.21,10.63,28.13,30.43,8.68,2.01,1.23,18.95,122.54,3.04,4.72,8.34,3.38,1.75,2.38,2.8,7.51,7.57,4.91,3.08,1.65,29.1,4.25,29.05,11.39,10.71,7.45,2.59,190.66,8.77,34.46,5.88,18.44,3.36,4.01
21.63,11.16,7.22,2.95,9.28,2.45,5.25,56.21,8.09,3.43,3.81,78.02,1.54,19.08,5.7,8.32,677.85,3.76,5.72,16.56,1.15,18.06,1.48,75.11,4.69,3.63,11.77,4.93,30.08,31.53,24.74,4.53,48.91,53.63,7.4,3.7,8.35,4.81,3.35,2.13,4.34,4.07,10.12,100.51,473.35,2.85,23.24,7.87,2.36,51.12,1.11,97.35,8.96,5.91,27.18,2.32,1.87,1.15,10.62,13.46,5.66,41.84,5.12,22.47,1.06,7.83,1.04,3.81,9.06,3.88,45.66,1.92,11.94,3.67,10.57,2.53,0.6,48.21,1.24,10.95,29.01,30.77,8.74,2.06,1.26,19.09,123.93,3.12,4.84,8.57,3.47,1.79,2.42,2.89,7.59,7.62,5.07,3.14,1.69,30.01,4.34,29.76,11.76,11.02,7.67,2.62,193.43,9.1,35.61,6.01,18.94,3.44,4.14
21.96,11.38,7.27,3.03,9.36,2.51,5.29,57.35,8.16,3.48,3.9,80.37,1.58,19.44,5.8,8.5,699.79,3.92,5.82,16.93,1.18,18.62,1.53,75.75,4.72,3.75,12.13,5.08,30.83,31.84,25.26,4.55,49.47,53.99,7.61,3.77,8.38,4.97,3.43,2.21,4.36,4.16,10.15,102.51,483.78,2.86,23.93,8.12,2.45,51.52,1.16,98.37,9.25,6.08,27.96,2.37,1.92,1.18,10.88,13.8,5.78,43.16,5.23,22.97,1.09,8,1.05,3.9,9.31,3.96,47.01,1.98,12.1,3.69,10.75,2.58,0.62,49.5,1.28,11.27,29.92,31.08,8.78,2.11,1.29,19.2,125.18,3.17,4.96,8.8,3.59,1.84,2.45,2.98,7.65,7.67,5.23,3.2,1.73,30.93,4.43,30.46,12.14,11.35,7.9,2.65,196.13,9.43,36.8,6.13,19.46,3.53,4.26
22.29,11.6,7.32,3.11,9.44,2.57,5.34,58.24,8.22,3.52,3.99,82.78,1.62,19.8,5.85,8.69,719.37,4.09,5.92,17.32,1.21,19.2,1.58,76.36,4.76,3.88,12.49,5.23,31.59,32.18,25.78,4.57,49.91,54.35,7.83,3.84,8.42,5.07,3.52,2.29,4.38,4.25,10.18,104.55,494.69,2.88,24.65,8.4,2.53,51.91,1.21,99.43,9.55,6.24,28.68,2.42,1.98,1.22,11.14,14.15,5.9,44.5,5.34,23.49,1.12,8.17,1.06,4,9.55,4.05,48.41,2.05,12.26,3.72,10.93,2.63,0.63,50.83,1.32,11.6,30.86,31.37,8.78,2.17,1.32,19.31,126.19,3.25,5.09,9.01,3.69,1.88,2.49,3.07,7.73,7.75,5.4,3.27,1.77,31.88,4.53,31.16,12.51,11.7,8.13,2.68,198.6,9.77,37.98,6.26,19.99,3.63,4.4
22.62,11.82,7.37,3.19,9.5,2.63,5.38,59.41,8.27,3.57,4.09,85.24,1.68,20.17,5.9,8.87,739.84,4.29,6.03,17.77,1.23,19.77,1.64,76.91,4.8,4,12.89,5.39,32.35,32.55,26.33,4.59,50.37,54.65,8.07,3.91,8.48,5.17,3.55,2.38,4.4,4.33,10.21,106.64,505.84,2.88,25.4,8.68,2.59,52.25,1.27,100.35,9.87,6.41,29.41,2.47,2.05,1.26,11.41,14.5,6.03,45.88,5.45,24.02,1.15,8.36,1.08,4.11,9.8,4.14,49.84,2.11,12.43,3.75,11.13,2.68,0.65,52.2,1.35,11.93,31.82,31.64,8.76,2.23,1.35,19.42,127.06,3.35,5.22,9.23,3.8,1.93,2.53,3.18,7.8,7.82,5.58,3.34,1.82,32.85,4.64,31.87,12.87,12.05,8.38,2.71,200.91,10.11,39.13,6.37,20.53,3.72,4.54
22.94,12.04,7.43,3.27,9.55,2.7,5.44,60.64,8.33,3.62,4.19,87.72,1.72,20.54,5.97,9.04,759.36,4.5,6.15,18.32,1.27,20.35,1.69,77.43,4.84,4.12,13.33,5.55,33.07,32.95,26.86,4.61,50.76,54.96,8.3,3.98,8.58,5.28,3.64,2.46,4.42,4.42,10.25,108.77,517.3,2.9,26.16,8.98,2.64,52.59,1.44,101.39,10.2,6.58,30.1,2.53,2.11,1.3,11.68,14.85,6.16,47.32,5.57,24.58,1.18,8.55,1.1,4.24,10.06,4.22,51.31,2.18,12.57,3.78,11.34,2.72,0.66,53.61,1.39,12.27,32.79,31.89,8.76,2.29,1.25,19.57,127.83,3.44,5.37,9.48,3.91,1.98,2.57,3.29,7.86,7.88,5.76,3.42,1.87,33.84,4.75,32.59,13.21,12.42,8.63,2.74,203.11,10.46,40.23,6.48,21.09,3.83,4.69
23.27,12.28,7.46,3.34,9.58,2.77,5.5,61.9,8.39,3.66,4.29,90.23,1.75,20.85,6.04,9.22,780.3,4.73,6.27,18.9,1.3,20.92,1.75,77.88,4.87,4.25,13.73,5.72,33.76,33.34,27.43,4.63,51.15,55.22,8.55,4.06,8.61,5.39,3.72,2.55,4.44,4.52,10.29,110.95,529.07,2.91,26.93,9.28,2.7,52.91,1.58,102.53,10.54,6.76,30.81,2.58,2.17,1.34,11.96,15.22,6.29,48.82,5.69,25.15,1.21,8.75,1.11,4.36,10.31,4.32,52.82,2.25,12.7,3.82,11.55,2.75,0.68,55.06,1.44,12.62,33.78,32.14,8.77,2.35,1.09,20.01,128.52,3.53,5.52,9.74,4.02,2.01,2.61,3.41,7.93,7.92,5.95,3.49,1.92,34.83,4.86,33.32,13.55,12.8,8.89,2.76,205.15,10.82,41.3,6.59,21.66,3.94,4.85
23.61,12.56,7.49,3.4,9.61,2.84,5.56,63.2,8.45,3.7,4.4,92.77,1.78,21.15,6.12,9.39,802.91,4.98,6.39,19.46,1.33,21.48,1.8,78.26,4.89,4.38,14.13,5.9,34.41,33.67,27.93,4.63,51.59,55.46,8.81,4.14,8.64,5.5,3.78,2.64,4.45,4.61,10.33,113.17,541.16,2.93,27.72,9.59,2.76,53.24,1.66,103.75,10.89,6.93,31.51,2.63,2.24,1.38,12.23,15.61,6.43,50.39,5.82,25.75,1.24,8.95,1.13,4.49,10.56,4.41,54.37,2.32,12.84,3.85,11.77,2.78,0.7,56.56,1.48,12.97,34.79,32.39,8.75,2.41,1.1,20.3,129.21,3.64,5.67,9.99,4.13,2.04,2.65,3.53,8,7.98,6.15,3.57,1.97,35.85,4.96,34.09,14.07,13.19,9.16,2.79,207.16,11.19,42.35,6.71,22.25,4.05,5.02
23.97,12.84,7.52,3.46,9.63,2.91,5.62,65.05,8.51,3.74,4.51,95.33,1.83,21.45,6.17,9.56,824.79,5.24,6.53,20.01,1.36,22.06,1.85,78.57,4.93,4.5,14.55,6.07,35.05,33.98,28.42,4.61,52.04,55.63,8.6,4.22,8.66,5.62,3.87,2.72,4.46,4.71,10.37,115.44,553.58,2.95,28.51,9.92,2.85,53.58,1.72,104.93,11.25,6.99,32.21,2.69,2.3,1.42,12.49,16,6.58,52.03,5.95,26.38,1.28,9.16,1.15,4.6,10.8,4.51,55.98,2.4,13,3.88,12,2.82,0.72,58.09,1.52,13.34,35.8,32.64,8.7,2.47,1.12,20.55,129.89,3.75,5.84,10.28,4.26,2.07,2.69,3.67,8.06,8.05,6.35,3.64,2.12,36.88,5.06,34.88,14.58,13.61,9.45,2.81,209.59,11.59,43.41,6.82,22.84,4.17,5.18
24.37,13.08,7.55,3.51,9.66,2.98,5.72,66.42,8.56,3.79,4.6,97.73,1.86,21.8,6.22,9.75,845.48,5.48,6.7,20.56,1.41,22.61,1.9,78.79,4.96,4.63,14.96,6.25,35.86,34.36,29.25,4.63,52.48,55.81,8.83,4.26,8.71,5.78,3.94,2.8,4.47,4.79,10.4,118.54,566.22,2.99,29.28,10.26,2.94,53.95,1.81,106.43,11.66,7.14,32.86,2.76,2.35,1.45,12.75,16.35,6.76,53.72,6.04,27.02,1.32,9.38,1.18,4.73,11.06,4.64,57.3,2.47,13.15,3.91,12.24,2.87,0.75,59.69,1.56,13.7,36.85,32.89,8.75,2.54,1.14,20.78,130.62,3.87,6.1,10.62,4.39,2.11,2.75,3.77,8.12,8.1,6.57,3.73,2.19,37.96,5.17,35.72,14.91,14.05,9.72,2.82,211.46,11.94,44.49,6.97,23.48,4.32,5.35
24.78,13.3,7.58,3.54,9.69,3.04,5.83,67.6,8.61,3.85,4.7,100.14,1.9,22.16,6.27,9.92,865.69,5.74,6.88,21.12,1.45,23.15,1.95,78.9,4.99,4.76,15.38,6.43,36.67,34.76,30.13,4.65,52.96,55.95,9.08,4.3,8.77,5.94,4,2.88,4.48,4.88,10.43,121.7,579.41,3.03,30.07,10.6,3.03,54.32,1.88,107.98,12.08,7.3,33.52,2.84,2.42,1.49,13,16.7,6.95,55.48,6.15,27.68,1.36,9.6,1.22,4.86,11.32,4.77,58.66,2.55,13.29,3.93,12.5,2.93,0.78,61.34,1.61,14.07,37.93,33.14,8.84,2.6,1.18,21.01,131.4,3.98,6.39,10.97,4.53,2.15,2.8,3.86,8.2,8.13,6.8,3.82,2.25,39.06,5.29,36.59,15.22,14.51,9.99,2.82,213.35,12.29,45.55,7.12,24.15,4.47,5.54
25.21,13.49,7.61,3.58,9.72,3.11,5.93,68.69,8.66,3.91,4.8,102.58,1.94,22.5,6.31,10.1,885.15,6.01,7.06,21.69,1.5,23.67,2,78.94,5.02,4.89,15.8,6.61,37.49,35.17,31.03,4.68,53.44,56.07,9.35,4.32,8.84,6.1,4.06,2.97,4.49,4.96,10.45,124.9,593.06,3.08,30.9,10.95,3.14,54.68,1.95,109.53,12.53,7.45,34.16,2.92,2.48,1.54,13.25,17.05,7.14,57.28,6.26,28.35,1.4,9.83,1.25,5,11.59,4.9,60.11,2.63,13.43,3.96,12.76,2.99,0.81,63.06,1.65,14.45,39.03,33.41,8.96,2.66,1.23,21.23,132.19,4.1,6.71,11.34,4.66,2.19,2.86,3.96,8.27,8.15,7.04,3.91,2.3,40.16,5.41,37.47,15.51,14.99,10.26,2.82,215.27,12.64,46.6,7.29,24.83,4.63,5.73
25.64,13.66,7.63,3.62,9.75,3.19,6.04,69.88,8.7,3.96,4.9,105.07,1.98,22.84,6.34,10.27,903.61,6.31,7.25,22.28,1.54,24.21,2.05,78.92,5.04,5.02,16.25,6.8,38.32,35.57,31.85,4.7,53.88,56.15,9.6,4.35,8.91,6.27,4.14,3.06,4.5,5.05,10.49,128.13,607.05,3.13,31.79,11.31,3.24,55.02,2,111.03,13,7.53,34.79,2.99,2.54,1.58,13.5,17.42,7.35,59.09,6.37,29.03,1.44,10.08,1.29,5.14,11.87,5.04,61.67,2.71,13.56,3.99,13.04,3.04,0.84,64.87,1.7,14.83,40.15,33.68,9.09,2.72,1.28,21.45,133.01,4.23,7.06,11.73,4.8,2.23,2.93,4.05,8.35,8.17,7.28,4,2.36,41.26,5.53,38.37,15.78,15.48,10.53,2.82,217.22,12.99,47.66,7.46,25.52,4.79,5.92
26.07,13.83,7.64,3.67,9.77,3.27,6.15,71.31,8.74,4.02,5.01,107.61,2.02,23.16,6.36,10.44,920.95,6.61,7.46,22.9,1.59,24.76,2.1,78.87,5.06,5.15,16.71,6.99,39.19,35.98,32.57,4.72,54.25,56.21,9.83,4.36,9.01,6.43,4.24,3.15,4.51,5.14,10.53,131.39,621.3,3.18,32.73,11.68,3.34,55.33,2.06,112.42,13.49,7.52,35.39,3.05,2.58,1.63,13.76,17.8,7.56,60.87,6.48,29.72,1.48,10.34,1.33,5.29,12.16,5.18,63.37,2.8,13.68,4.01,13.33,3.08,0.88,66.79,1.75,15.23,41.3,33.97,9.22,2.79,1.32,21.67,133.92,4.36,7.43,12.14,4.94,2.26,2.99,4.15,8.43,8.2,7.54,4.09,2.41,42.33,5.65,39.28,16.08,15.98,10.83,2.83,219.21,13.36,48.73,7.63,26.21,4.96,6.12
26.48,13.99,7.64,3.74,9.79,3.35,6.27,73,8.77,4.07,5.12,110.21,2.06,23.46,6.36,10.6,937.02,6.92,7.67,23.56,1.64,25.32,2.15,78.79,5.08,5.28,17.19,7.18,40.09,36.37,33.15,4.73,54.54,56.25,10.02,4.38,9.12,6.6,4.36,3.25,4.54,5.24,10.58,134.67,635.77,3.24,33.74,12.07,3.43,55.6,2.12,113.69,14,7.4,35.95,3.1,2.6,1.67,14.01,18.21,7.77,62.62,6.6,30.43,1.52,10.63,1.37,5.45,12.47,5.33,65.23,2.88,13.79,4.03,13.62,3.11,0.93,68.81,1.79,15.64,42.46,34.26,9.35,2.86,1.36,21.88,134.9,4.5,7.82,12.58,5.06,2.29,3.06,4.24,8.5,8.22,7.79,4.17,2.46,43.39,5.78,40.19,16.4,16.49,11.14,2.84,221.24,13.74,49.81,7.86,26.9,5.14,6.31
26.88,14.15,7.64,3.82,9.82,3.43,6.4,74.93,8.8,4.12,5.23,112.87,2.11,23.74,6.34,10.77,951.93,7.25,7.89,24.25,1.69,25.91,2.21,78.7,5.1,5.41,17.69,7.37,41.03,36.76,33.62,4.75,54.77,56.26,10.19,4.4,9.26,6.77,4.5,3.35,4.58,5.34,10.64,137.96,650.49,3.29,34.81,12.46,3.51,55.85,2.18,114.84,14.53,7.19,36.48,3.14,2.61,1.72,14.27,18.64,8,64.35,6.71,31.14,1.56,10.94,1.41,5.63,12.79,5.49,67.22,2.97,13.89,4.04,13.93,3.12,0.98,70.95,1.84,16.06,43.65,34.57,9.48,2.94,1.4,22.08,135.89,4.65,8.23,13.03,5.19,2.32,3.13,4.33,8.57,8.25,8.06,4.25,2.52,44.42,5.92,41.11,16.73,17.02,11.47,2.86,223.32,14.13,50.9,8.08,27.6,5.32,6.5
27.28,14.31,7.63,3.91,9.84,3.52,6.53,77.03,8.83,4.17,5.35,115.58,2.16,24.01,6.32,10.93,966.04,7.59,8.12,24.95,1.74,26.5,2.27,78.59,5.11,5.54,18.21,7.57,42,37.14,34.07,4.76,54.96,56.26,10.35,4.42,9.39,6.93,4.65,3.46,4.61,5.45,10.69,141.28,665.5,3.34,35.97,12.86,3.59,56.06,2.23,115.89,15.08,6.96,37,3.17,2.6,1.77,14.53,19.08,8.23,66.04,6.83,31.87,1.6,11.25,1.45,5.81,13.12,5.65,69.29,3.07,13.98,4.06,14.24,3.13,1.03,73.19,1.88,16.49,44.87,34.88,9.61,3.01,1.43,22.28,136.87,4.8,8.68,13.51,5.32,2.34,3.21,4.42,8.63,8.28,8.34,4.34,2.58,45.42,6.05,42.04,17.04,17.56,11.82,2.88,225.45,14.53,52.02,8.31,28.3,5.5,6.7
27.68,14.47,7.62,4.01,9.85,3.62,6.67,79.24,8.85,4.22,5.47,118.34,2.22,24.28,6.31,11.1,979.88,7.93,8.36,25.66,1.79,27.11,2.33,78.45,5.12,5.68,18.76,7.77,43.03,37.48,34.59,4.77,55.14,56.26,10.55,4.46,9.52,7.11,4.79,3.57,4.64,5.57,10.74,144.65,680.92,3.39,37.25,13.26,3.67,56.25,2.3,116.88,15.66,6.77,37.52,3.21,2.6,1.83,14.79,19.54,8.47,67.71,6.96,32.61,1.65,11.55,1.49,5.99,13.46,5.82,71.39,3.16,14.07,4.07,14.57,3.14,1.09,75.57,1.93,16.92,46.11,35.2,9.71,3.09,1.47,22.46,137.78,4.97,9.18,14,5.45,2.37,3.29,4.5,8.7,8.3,8.63,4.42,2.64,46.41,6.21,42.99,17.37,18.11,12.18,2.9,227.6,14.93,53.17,8.54,29.02,5.69,6.92
28.11,14.65,7.61,4.12,9.87,3.72,6.82,81.47,8.88,4.13,5.59,121.16,2.28,24.54,6.3,11.27,993.88,8.29,8.62,26.36,1.84,27.74,2.39,78.3,5.12,5.81,19.34,7.98,44.1,37.8,35.26,4.79,55.36,56.27,10.8,4.51,9.63,7.28,4.92,3.68,4.64,5.69,10.75,148.08,696.78,3.43,38.67,13.65,3.74,56.42,2.37,117.83,16.27,6.69,38.05,3.26,2.61,1.89,15.04,20.02,8.72,69.36,7.09,33.37,1.69,11.85,1.53,6.16,13.8,5.99,73.46,3.25,14.15,4.09,14.9,3.15,1.15,78.07,1.98,17.36,47.4,35.54,9.8,3.18,1.51,22.61,138.65,5.14,9.74,14.51,5.59,2.41,3.37,4.58,8.83,8.32,8.93,4.51,2.72,47.39,6.37,43.98,17.7,18.68,12.55,2.92,229.76,15.34,54.37,8.78,29.76,5.89,7.16
28.54,14.84,7.6,4.22,9.88,3.82,6.99,83.72,8.91,4.17,5.71,124.03,2.35,24.79,6.32,11.44,1008,8.66,8.88,27.04,1.89,28.38,2.45,78.13,5.13,5.94,19.94,8.18,45.22,38.07,36.12,4.81,55.6,56.28,11.12,4.59,9.73,7.47,5.02,3.79,4.65,5.82,10.75,151.57,713.12,3.47,40.22,14.05,3.82,56.58,2.46,118.74,16.9,6.75,38.61,3.32,2.62,1.96,15.27,20.51,8.97,70.99,7.23,34.14,1.73,12.13,1.58,6.33,14.13,6.16,75.48,3.34,14.22,4.1,15.25,3.16,1.22,80.7,2.03,17.79,48.72,35.87,9.88,3.27,1.55,22.74,139.51,5.32,10.37,15.03,5.75,2.46,3.45,4.66,8.85,8.33,9.25,4.61,2.81,48.34,6.55,44.99,18.03,19.28,12.93,2.94,231.94,15.76,55.63,9.03,30.53,6.09,7.43
28.99,15.04,7.6,4.33,9.89,3.93,7.16,86.01,8.93,4.21,5.84,126.95,2.42,25.04,6.34,11.62,1022.25,9.04,9.16,27.72,1.95,29.03,2.52,77.94,5.12,6.08,20.58,8.39,46.38,38.31,37.14,4.84,55.88,56.3,11.49,4.69,9.8,7.65,5.11,3.91,4.68,5.96,10.72,155.11,729.87,3.51,41.88,14.44,3.88,56.72,2.56,119.62,17.56,6.92,39.18,3.4,2.63,2.03,15.5,21.02,9.23,72.6,7.39,34.92,1.78,12.41,1.63,6.48,14.47,6.34,77.47,3.44,14.3,4.11,15.61,3.19,1.29,83.45,2.07,18.23,50.07,36.22,9.93,3.37,1.6,22.84,140.43,5.49,11.05,15.56,5.92,2.52,3.53,4.73,8.93,8.33,9.59,4.72,2.92,49.27,6.73,46.03,18.35,19.89,13.32,2.95,234.13,16.19,56.93,9.29,31.33,6.31,7.72
29.45,15.26,7.6,4.45,9.9,4.04,7.34,88.34,8.95,4.24,5.96,129.88,2.49,25.3,6.38,11.8,1037.12,9.43,9.45,28.4,2.01,29.69,2.59,77.79,5.12,6.21,21.23,8.61,47.59,38.51,38.29,4.86,56.17,56.33,11.9,4.81,9.87,7.85,5.18,4.03,4.69,6.1,10.67,158.67,746.95,3.53,43.65,14.83,3.95,56.84,2.67,120.44,18.24,7.17,39.75,3.49,2.65,2.1,15.73,21.53,9.5,74.2,7.54,35.7,1.82,12.66,1.67,6.66,14.82,6.53,79.46,3.53,14.37,4.12,15.97,3.22,1.36,86.3,2.12,18.66,51.46,36.55,9.96,3.47,1.65,22.93,141.47,5.67,11.76,16.11,6.1,2.58,3.61,4.79,8.98,8.33,9.94,4.83,3.03,50.19,6.93,47.07,18.65,20.52,13.74,2.97,236.34,16.62,58.28,9.55,32.14,6.52,8.03
29.92,15.49,7.61,4.57,9.91,4.16,7.53,90.73,8.97,4.28,6.09,132.8,2.57,25.57,6.42,11.99,1053.21,9.83,9.74,29.12,2.07,30.35,2.66,77.7,5.12,6.35,21.89,8.82,48.87,38.69,39.52,4.89,56.49,56.39,12.31,4.94,9.92,8.04,5.26,4.15,4.71,6.24,10.62,162.2,764.25,3.55,45.47,15.21,4.02,56.94,2.78,121.2,18.94,7.45,40.3,3.59,2.67,2.16,15.95,22.04,9.78,75.78,7.69,36.47,1.87,12.85,1.72,6.9,15.19,6.72,81.5,3.62,14.44,4.14,16.35,3.24,1.43,89.23,2.17,19.1,52.87,36.86,9.98,3.57,1.7,23.01,142.53,5.88,12.48,16.66,6.29,2.64,3.7,4.86,8.99,8.34,10.29,4.95,3.14,51.11,7.13,48.11,18.93,21.17,14.17,2.99,238.57,17.06,59.65,9.83,32.94,6.74,8.34
30.39,15.73,7.61,4.7,9.92,4.28,7.73,93.2,8.98,4.31,6.21,135.68,2.63,25.87,6.46,12.18,1070.86,10.22,10.05,29.88,2.13,31.01,2.73,77.72,5.11,6.49,22.57,9.05,50.2,38.84,40.8,4.91,56.81,56.47,12.72,5.08,9.97,8.24,5.34,4.28,4.72,6.38,10.57,165.68,781.67,3.56,47.34,15.58,4.08,57.01,2.9,121.89,19.65,7.71,40.81,3.69,2.68,2.19,16.18,22.54,10.06,77.36,7.83,37.22,1.92,12.98,1.77,7.21,15.6,6.92,83.61,3.71,14.51,4.15,16.72,3.27,1.5,92.22,2.22,19.54,54.32,37.13,9.99,3.67,1.76,23.1,143.54,6.12,13.19,17.21,6.48,2.71,3.8,4.92,9.04,8.36,10.65,5.09,3.25,52.04,7.32,49.13,19.19,21.84,14.65,3.01,240.82,17.51,61.05,10.13,33.73,6.96,8.66
30.86,15.99,7.63,4.84,9.93,4.4,7.93,95.74,8.97,4.35,6.34,138.5,2.7,26.21,6.49,12.38,1090.35,10.62,10.37,30.69,2.19,31.67,2.8,77.84,5.11,6.63,23.24,9.27,51.61,38.96,42.12,4.93,57.15,56.57,13.1,5.23,10.02,8.44,5.42,4.41,4.74,6.53,10.52,169.09,799.18,3.57,49.26,15.94,4.15,57.06,3.01,122.52,20.38,7.96,41.27,3.79,2.68,2.2,16.41,23.02,10.35,78.93,7.96,37.96,1.98,13.03,1.82,7.63,16.05,7.12,85.82,3.8,14.6,4.17,17.1,3.29,1.56,95.26,2.27,20,55.8,37.35,9.98,3.78,1.82,23.21,144.57,6.41,13.87,17.76,6.69,2.76,3.91,4.99,9.09,8.38,11,5.24,3.36,53,7.51,50.13,19.41,22.51,15.15,3.03,243.1,17.97,62.46,10.45,34.49,7.17,8.98
31.33,16.25,7.64,4.99,9.94,4.54,8.14,98.34,8.96,4.38,6.46,141.27,2.76,26.57,6.53,12.59,1111.34,11.02,10.7,31.53,2.25,32.32,2.87,78.05,5.12,6.76,23.92,9.5,53.07,39.06,43.49,4.95,57.5,56.71,13.48,5.38,10.07,8.64,5.52,4.54,4.75,6.67,10.48,172.43,816.79,3.57,51.2,16.29,4.22,57.09,3.13,123.08,21.12,8.2,41.69,3.91,2.67,2.19,16.65,23.5,10.65,80.5,8.07,38.67,2.03,13.02,1.87,8.12,16.53,7.32,88.1,3.88,14.68,4.19,17.48,3.31,1.62,98.36,2.32,20.45,57.31,37.54,9.97,3.89,1.88,23.31,145.56,6.73,14.53,18.3,6.89,2.82,4.03,5.05,9.12,8.42,11.36,5.41,3.47,53.96,7.69,51.1,19.62,23.2,15.7,3.05,245.4,18.44,63.88,10.79,35.23,7.39,9.29
31.8,16.53,7.66,5.14,9.96,4.67,8.36,100.98,8.94,4.41,6.59,144,2.81,26.95,6.57,12.81,1132.87,11.42,11.03,32.44,2.31,32.98,2.94,78.35,5.12,6.9,24.59,9.74,54.55,39.14,44.93,4.96,57.85,56.86,13.85,5.55,10.12,8.84,5.61,4.68,4.76,6.81,10.44,175.72,834.49,3.57,53.08,16.65,4.29,57.1,3.25,123.59,21.87,8.43,42.09,4.02,2.67,2.17,16.88,23.96,10.95,82.08,8.18,39.36,2.09,13,1.92,8.64,17.03,7.54,90.45,3.97,14.77,4.21,17.87,3.33,1.68,101.47,2.37,20.91,58.85,37.69,9.96,3.99,1.95,23.41,146.46,7.03,15.16,18.87,7.11,2.88,4.15,5.12,9.15,8.46,11.72,5.58,3.58,54.91,7.87,52.05,19.84,23.91,16.26,3.07,247.74,18.91,65.31,11.14,35.97,7.6,9.6
32.26,16.79,7.69,5.28,9.98,4.82,8.58,103.6,8.9,4.44,6.72,146.69,2.87,27.33,6.62,13.03,1153.57,11.84,11.37,33.47,2.38,33.62,3.02,78.72,5.13,7.04,25.26,9.98,56.01,39.22,46.46,4.98,58.2,57.02,14.23,5.77,10.17,9.05,5.7,4.81,4.77,6.96,10.4,178.96,852.27,3.57,54.78,17.04,4.38,57.11,3.4,124.07,22.63,8.69,42.5,4.14,2.68,2.13,17.11,24.42,11.27,83.7,8.31,40.01,2.14,13.06,1.98,9.09,17.54,7.77,92.84,4.06,14.87,4.23,18.29,3.36,1.74,104.59,2.42,21.37,60.39,37.83,9.95,4.1,2.02,23.47,146.94,7.22,15.76,19.48,7.33,2.94,4.25,5.19,9.19,8.51,12.08,5.77,3.69,55.8,8.05,52.99,20.06,24.66,16.85,3.09,250.11,19.39,66.76,11.52,36.74,7.81,9.9
32.73,17.04,7.72,5.42,10.01,4.98,8.81,106.19,8.84,4.46,6.86,149.35,2.94,27.69,6.67,13.24,1172.45,12.27,11.72,34.61,2.44,34.27,3.1,79.12,5.14,7.18,25.91,10.22,57.41,39.31,48.09,5,58.53,57.18,14.63,6.04,10.25,9.26,5.78,4.96,4.78,7.1,10.38,182.19,870.13,3.57,56.23,17.47,4.5,57.13,3.56,124.52,23.4,8.97,42.92,4.26,2.7,2.1,17.33,24.88,11.6,85.36,8.47,40.63,2.18,13.25,2.03,9.44,18.04,8.01,95.27,4.14,14.97,4.25,18.75,3.4,1.81,107.68,2.47,21.83,61.95,37.95,9.95,4.21,2.1,23.49,147.56,7.24,16.33,20.15,7.56,3.01,4.31,5.25,9.52,8.57,12.45,5.96,3.79,56.58,8.23,53.92,20.28,24.78,17.44,3.11,252.53,19.86,68.21,12.06,37.56,8.03,10.18
33.19,17.27,7.77,5.54,10.04,5.15,9.05,108.73,8.77,4.37,6.99,151.98,3.01,28.04,6.74,13.46,1189.18,12.71,12.06,35.91,2.51,34.92,3.18,79.56,5.15,7.33,26.55,10.46,58.75,39.4,49.82,5.02,58.83,57.34,15.04,6.37,10.34,9.48,5.85,5.1,4.76,7.24,10.36,185.39,888.05,3.58,57.38,17.94,4.64,57.15,3.75,124.94,24.18,9.29,43.38,4.38,2.75,2.06,17.54,25.34,11.94,87.07,8.65,41.19,2.22,13.59,2.09,9.64,18.53,8.27,97.73,4.24,15.06,4.27,19.25,3.45,1.89,110.73,2.52,22.28,63.51,38.08,9.97,4.32,2.19,23.45,148.04,7.05,16.87,20.89,7.79,3.1,4.34,5.33,9.6,8.63,12.82,6.15,3.88,57.26,8.42,54.84,20.5,25.61,18.04,3.13,254.97,20.33,69.67,12.66,38.44,8.24,10.44
33.66,17.49,7.83,5.66,10.08,5.33,9.3,111.22,8.68,4.24,7.13,154.56,3.1,28.38,6.82,13.67,1204,13.16,12.41,37.35,2.58,35.56,3.26,80.05,5.17,7.47,27.18,10.71,60.04,39.52,51.65,5.04,59.12,57.49,15.46,6.76,10.45,9.71,5.92,5.25,4.73,7.39,10.36,188.57,906.02,3.59,58.26,18.46,4.81,57.19,3.97,125.34,24.96,9.62,43.85,4.5,2.82,2.02,17.74,25.79,12.3,88.83,8.87,41.71,2.24,14.07,2.14,9.73,19.01,8.55,100.22,4.33,15.17,4.29,19.77,3.5,1.98,113.75,2.58,22.74,65.08,38.19,10.01,4.43,2.29,23.37,148.32,6.7,17.38,21.7,8.03,3.19,4.33,5.4,9.7,8.69,13.19,6.35,3.97,57.84,8.6,55.75,20.7,26.5,18.65,3.15,257.45,20.8,71.13,13.33,39.36,8.45,10.68
34.11,17.69,7.89,5.77,10.12,5.52,9.55,113.7,8.58,4.09,7.27,157.13,3.18,28.71,6.89,13.88,1217.13,13.62,12.76,38.83,2.65,36.2,3.34,80.52,5.19,7.61,27.79,10.95,61.28,39.64,53.53,5.07,59.39,57.65,15.9,7.16,10.57,9.94,5.98,5.4,4.7,7.53,10.36,191.71,924.06,3.61,58.99,19.01,4.99,57.23,4.19,125.72,25.75,9.97,44.34,4.62,2.9,2,17.93,26.24,12.68,90.6,9.11,42.21,2.26,14.64,2.2,9.76,19.49,8.84,102.76,4.43,15.27,4.32,20.32,3.56,2.07,116.75,2.63,23.18,66.65,38.3,10.05,4.54,2.39,23.26,148.43,6.3,17.86,22.54,8.27,3.29,4.31,5.47,9.8,8.75,13.56,6.56,4.06,58.36,8.78,56.65,20.9,27.41,19.28,3.18,260.02,21.26,72.56,14.02,40.3,8.67,10.91
34.56,17.88,7.95,5.87,10.16,5.71,9.82,116.18,8.47,3.95,7.42,159.71,3.27,29.03,6.96,14.09,1228.99,14.08,13.11,40.27,2.72,36.82,3.43,80.93,5.21,7.75,28.36,11.2,62.5,39.76,55.43,5.1,59.67,57.81,16.33,7.54,10.68,10.17,6.06,5.55,4.66,7.67,10.36,194.8,942.2,3.63,59.73,19.6,5.17,57.25,4.4,126.06,26.55,10.32,44.83,4.74,2.97,2.01,18.1,26.67,13.07,92.35,9.35,42.71,2.28,15.22,2.26,9.8,19.99,9.15,105.36,4.52,15.37,4.34,20.87,3.62,2.15,119.77,2.68,23.62,68.24,38.38,10.1,4.65,2.5,23.12,148.41,6.01,18.31,23.35,8.51,3.39,4.28,5.54,9.86,8.8,13.95,6.77,4.16,58.9,8.96,57.56,21.09,28.3,19.91,3.2,262.74,21.73,73.93,14.69,41.22,8.9,11.12
34.99,18.08,7.99,5.96,10.19,5.91,10.09,118.71,8.38,3.84,7.57,162.3,3.35,29.33,7.02,14.3,1239.94,14.54,13.46,41.6,2.8,37.44,3.51,81.24,5.23,7.89,28.9,11.44,63.71,39.89,57.31,5.12,59.95,57.98,16.76,7.87,10.79,10.41,6.14,5.71,4.62,7.82,10.35,197.83,960.48,3.65,60.58,20.21,5.33,57.26,4.57,126.38,27.35,10.65,45.3,4.85,3.03,2.07,18.25,27.08,13.48,94.05,9.6,43.24,2.3,15.76,2.33,9.91,20.5,9.48,108.01,4.61,15.47,4.37,21.4,3.67,2.2,122.83,2.74,24.04,69.84,38.45,10.15,4.76,2.62,22.97,148.29,5.93,18.74,24.1,8.75,3.48,4.27,5.61,9.88,8.84,14.35,7,4.27,59.49,9.11,58.49,21.27,29.17,20.55,3.22,265.66,22.19,75.2,15.32,42.09,9.14,11.32
35.42,18.27,8.02,6.04,10.21,6.09,10.37,121.27,8.29,3.78,7.72,164.91,3.44,29.62,7.06,14.5,1249.98,15,13.81,42.77,2.88,38.05,3.6,81.43,5.25,8.03,29.41,11.68,64.93,40.01,59.16,5.14,60.24,58.16,17.19,8.13,10.88,10.65,6.24,5.87,4.57,7.97,10.33,200.79,978.89,3.68,61.58,20.85,5.49,57.23,4.72,126.65,28.15,10.98,45.76,4.96,3.07,2.19,18.37,27.46,13.9,95.69,9.86,43.79,2.32,16.25,2.4,10.11,21.02,9.82,110.73,4.7,15.56,4.39,21.9,3.72,2.24,125.94,2.8,24.44,71.45,38.5,10.19,4.87,2.74,22.8,148.07,6.12,19.13,24.79,8.97,3.57,4.28,5.67,9.86,8.86,14.76,7.24,4.4,60.15,9.26,59.42,21.44,30,21.2,3.25,268.8,22.65,76.37,15.89,42.9,9.39,11.52
35.83,18.47,8.03,6.11,10.22,6.28,10.67,123.85,8.21,3.75,7.87,167.55,3.52,29.9,7.09,14.69,1259.07,15.45,14.17,43.83,2.96,38.65,3.68,81.5,5.28,8.16,29.89,11.92,66.15,40.13,60.98,5.15,60.53,58.35,17.61,8.34,10.96,10.89,6.36,6.03,4.53,8.11,10.31,203.7,997.41,3.71,62.71,21.51,5.63,57.18,4.83,126.9,28.95,11.3,46.2,5.06,3.09,2.36,18.48,27.83,14.35,97.28,10.11,44.37,2.34,16.7,2.47,10.38,21.57,10.18,113.52,4.79,15.66,4.42,22.39,3.75,2.25,129.09,2.85,24.83,73.06,38.54,10.23,4.98,2.87,22.63,147.77,6.52,19.51,25.41,9.2,3.65,4.31,5.73,9.78,8.87,15.18,7.49,4.53,60.86,9.38,60.37,21.63,31,21.87,3.27,272.14,23.11,77.45,16.41,43.66,9.67,11.71
36.24,18.67,8.04,6.19,10.24,6.47,10.97,126.45,8.14,3.75,8.03,170.17,3.6,30.18,7.12,14.89,1267.44,15.88,14.52,44.84,3.05,39.23,3.77,81.5,5.3,8.3,30.34,12.16,67.38,40.29,62.79,5.16,60.83,58.54,18.04,8.5,11.03,11.13,6.47,6.19,4.49,8.26,10.28,206.58,1015.97,3.75,63.9,22.19,5.77,57.15,4.93,127.13,29.77,11.6,46.63,5.15,3.11,2.55,18.57,28.18,14.81,98.82,10.38,44.96,2.36,17.14,2.55,10.7,22.11,10.56,116.39,4.87,15.75,4.45,22.86,3.78,2.25,132.25,2.91,25.2,74.69,38.56,10.27,5.09,3,22.46,147.38,7.06,19.88,26,9.42,3.73,4.35,5.78,9.68,8.87,15.6,7.76,4.68,61.6,9.5,61.33,21.84,31.59,22.55,3.29,275.54,23.57,78.45,16.9,44.37,9.95,11.89
36.65,18.86,8.05,6.28,10.26,6.66,11.28,129.03,8.07,3.76,8.18,172.76,3.68,30.45,7.14,15.08,1275.41,16.3,14.89,45.9,3.14,39.82,3.85,81.48,5.32,8.43,30.77,12.4,68.63,40.54,64.64,5.18,61.15,58.75,18.48,8.65,11.09,11.39,6.58,6.36,4.46,8.4,10.25,208.61,1034.54,3.8,65.06,22.88,5.89,57.18,5.01,127.34,30.6,11.88,47.02,5.24,3.16,2.73,18.67,28.51,15.28,100.3,10.66,45.54,2.38,17.58,2.63,11.04,22.66,10.95,119.33,4.95,15.84,4.47,23.31,3.82,2.25,135.41,2.97,25.56,76.34,38.56,10.31,5.2,3.12,22.29,146.92,7.59,20.29,26.61,9.65,3.82,4.44,5.83,7.54,8.87,16.02,8.04,4.83,62.31,9.6,62.29,22.01,32.4,23.27,3.31,278.86,24.03,79.39,17.38,45.06,10.24,12.06
37.06,19.07,8.07,6.4,10.28,6.87,11.61,131.58,8,3.77,8.34,175.29,3.75,30.74,7.17,15.26,1283.2,16.69,15.27,47.08,3.23,40.4,3.93,81.49,5.34,8.56,31.18,12.63,69.91,40.9,66.54,5.19,61.47,58.95,18.94,8.81,11.14,11.65,6.66,6.52,4.43,8.55,10.22,211.54,1053.05,3.85,66.13,23.57,6.01,57.29,5.1,127.53,31.45,12.15,47.39,5.33,3.24,2.88,18.78,28.85,15.77,101.72,10.97,46.1,2.4,18.07,2.71,11.38,23.19,11.35,122.35,5.03,15.93,4.5,23.74,3.86,2.27,138.52,3.03,25.91,77.99,38.55,10.36,5.3,3.22,22.13,146.4,8.03,20.76,27.25,9.88,3.91,4.56,5.87,7.52,8.88,16.41,8.34,4.97,62.96,9.7,63.24,22.18,33.26,24.04,3.32,281.98,24.49,80.29,17.87,45.73,10.53,12.22
37.47,19.27,8.1,6.56,10.32,7.08,11.94,134.11,7.93,3.77,8.5,177.75,3.83,31.02,7.2,15.44,1290.94,17.04,15.67,48.39,3.32,40.99,4,81.54,5.36,8.7,31.59,12.85,71.23,41.39,68.49,5.2,61.8,59.15,19.42,8.97,11.18,11.92,6.72,6.69,4.41,8.69,10.19,214.51,1071.48,3.91,67.1,24.25,6.13,57.51,5.19,127.72,32.32,12.4,47.71,5.41,3.36,2.99,18.91,29.18,16.26,103.07,11.29,46.63,2.42,18.59,2.79,11.7,23.7,11.77,125.46,5.1,16.02,4.52,24.16,3.91,2.29,141.6,3.09,26.26,79.67,38.52,10.4,5.41,3.31,21.98,145.81,8.33,21.3,27.95,10.13,4.02,4.74,5.91,7.5,8.9,16.77,8.66,5.11,63.54,9.79,64.19,22.34,34.17,24.85,3.33,284.85,24.95,81.14,18.39,46.39,10.82,12.37
37.89,19.48,8.13,6.74,10.36,7.3,12.29,136.6,7.87,3.78,8.65,180.15,3.91,31.32,7.24,15.62,1298.65,17.37,16.08,49.84,3.41,41.57,4.06,81.61,5.37,8.83,32,13.07,72.59,41.99,70.5,5.21,62.15,59.35,19.92,9.14,11.22,12.21,6.76,6.86,4.4,8.83,10.17,217.51,1089.81,3.98,67.98,24.94,6.24,57.8,5.29,127.9,33.21,12.63,48,5.5,3.52,3.06,19.06,29.51,16.77,104.36,11.64,47.14,2.44,19.14,2.87,12.01,24.2,12.21,128.67,5.17,16.11,4.55,24.57,3.96,2.33,144.65,3.15,26.6,81.35,38.48,10.44,5.51,3.38,21.85,145.19,8.54,21.91,28.68,10.4,4.13,4.96,5.94,7.5,8.92,17.09,9,5.25,64.07,9.86,65.14,22.46,35.12,25.72,3.33,287.51,25.41,81.96,18.92,47.03,11.12,12.5
38.31,19.7,8.18,6.95,10.42,7.52,12.65,139.02,7.8,3.78,8.81,182.48,3.98,31.63,7.29,15.8,1306.34,17.68,16.51,51.39,3.5,42.15,4.13,81.69,5.39,8.97,32.4,13.29,73.98,42.65,72.55,5.23,62.5,59.58,20.45,9.31,11.24,12.5,6.78,7.03,4.39,8.98,10.14,220.55,1108.03,4.05,68.81,25.63,6.35,58.15,5.4,128.07,34.13,12.85,48.27,5.58,3.7,3.12,19.22,29.84,17.28,105.64,12.01,47.62,2.47,19.72,2.96,12.34,24.69,12.66,131.97,5.24,16.2,4.57,24.95,4.02,2.39,147.7,3.21,26.94,83.03,38.44,10.49,5.61,3.44,21.73,144.58,8.68,22.56,29.44,10.67,4.25,5.2,5.97,7.48,8.95,17.42,9.35,5.39,64.55,9.94,66.09,22.56,36.14,26.62,3.33,290.03,25.87,82.75,19.46,47.65,11.42,12.63
38.73,19.95,8.22,7.18,10.48,7.75,13.03,141.31,7.74,3.78,8.97,184.74,4.06,31.95,7.35,15.97,1314.01,18,16.96,53.03,3.61,42.72,4.19,81.72,5.4,9.1,32.83,13.51,75.38,43.35,74.62,5.24,62.87,59.88,20.99,9.49,11.27,12.8,6.8,7.2,4.38,9.12,10.12,223.61,1126.14,4.13,69.62,26.32,6.47,58.49,5.54,128.21,35.07,13.06,48.5,5.66,3.86,3.18,19.37,30.18,17.8,107,12.39,48.07,2.5,20.31,3.04,12.68,25.17,13.13,135.39,5.31,16.29,4.6,25.31,4.08,2.44,150.78,3.27,27.27,84.68,38.4,10.53,5.7,3.5,21.59,144.04,8.82,23.23,30.19,10.96,4.37,5.44,6,7.46,8.99,17.81,9.71,5.53,65,10.02,67.01,22.65,37.21,27.57,3.32,292.54,26.33,83.53,20.02,48.25,11.73,12.78
39.15,20.24,8.25,7.42,10.55,7.98,13.42,143.43,7.68,3.78,9.13,186.92,4.13,32.29,7.41,16.15,1321.62,18.34,17.42,54.75,3.72,43.29,4.25,81.67,5.42,9.24,33.29,13.74,76.78,44.04,76.73,5.26,63.24,60.29,21.54,9.68,11.3,13.1,6.83,7.37,4.38,9.26,10.09,226.71,1144.12,4.21,70.42,27.01,6.6,58.81,5.71,128.34,36.05,13.27,48.71,5.75,3.99,3.26,19.52,30.52,18.34,108.47,12.8,48.48,2.53,20.92,3.13,13.04,25.66,13.62,138.94,5.38,16.37,4.63,25.64,4.14,2.51,153.91,3.33,27.61,86.27,38.36,10.57,5.8,3.58,21.43,143.62,8.99,23.91,30.91,11.25,4.49,5.66,6.03,7.44,9.04,18.29,10.07,5.68,65.43,10.1,67.9,22.73,38.34,28.54,3.33,295.13,26.78,84.31,20.58,48.82,12.05,12.94
39.56,20.57,8.28,7.68,10.62,8.22,13.83,145.37,7.62,3.78,9.28,189.01,4.2,32.65,7.48,16.32,1329.21,18.7,17.9,56.54,3.84,43.84,4.31,81.54,5.44,9.37,33.78,13.97,78.16,44.73,78.85,5.28,63.63,60.8,22.11,9.88,11.34,13.4,6.86,7.54,4.37,9.41,10.06,229.84,1161.98,4.3,71.23,27.7,6.76,59.08,5.93,128.43,37.05,13.47,48.9,5.85,4.06,3.38,19.67,30.87,18.88,110.09,13.23,48.85,2.56,21.55,3.22,13.43,26.14,14.13,142.61,5.45,16.44,4.67,25.94,4.19,2.58,157.09,3.39,27.95,87.81,38.34,10.6,5.88,3.66,21.24,143.32,9.21,24.58,31.61,11.56,4.61,5.85,6.06,7.41,9.1,18.91,10.42,5.84,65.82,10.2,68.76,22.82,39.49,29.55,3.33,297.83,27.24,85.09,21.16,49.36,12.38,13.12
39.97,20.95,8.31,7.94,10.7,8.45,14.25,147.14,7.57,3.77,9.44,191.03,4.28,33.02,7.56,16.49,1336.8,19.09,18.4,58.42,3.98,44.37,4.37,81.34,5.47,9.5,34.3,14.21,79.54,45.39,81,5.3,64.02,61.41,22.7,10.1,11.38,13.7,6.9,7.71,4.36,9.56,10.02,232.99,1179.68,4.4,72.03,28.39,6.92,59.31,6.19,128.51,38.09,13.68,49.06,5.95,4.09,3.51,19.81,31.23,19.43,111.84,13.68,49.17,2.59,22.19,3.31,13.84,26.63,14.67,146.42,5.52,16.51,4.72,26.21,4.23,2.66,160.33,3.45,28.29,89.29,38.33,10.63,5.97,3.75,21.04,143.15,9.45,25.25,32.28,11.87,4.73,6.02,6.08,7.38,9.16,19.63,10.78,6,66.2,10.3,69.6,22.92,40.77,30.59,3.34,300.6,27.69,85.89,21.75,49.89,12.73,13.33
40.38,21.34,8.34,8.21,10.78,8.7,14.69,148.81,7.51,3.76,9.6,192.98,4.35,33.4,7.65,16.66,1344.42,19.5,18.91,60.37,4.12,44.9,4.43,81.13,5.5,9.64,34.86,14.45,80.95,46,83.18,5.32,64.41,62.08,23.3,10.32,11.42,14.01,6.94,7.87,4.35,9.71,9.99,236.16,1197.15,4.49,72.85,29.11,7.1,59.5,6.49,128.55,39.15,13.88,49.22,6.05,4.11,3.66,19.95,31.6,20,113.66,14.14,49.48,2.63,22.85,3.41,14.27,27.11,15.23,150.35,5.59,16.57,4.77,26.48,4.28,2.76,163.64,3.52,28.64,90.75,38.33,10.65,6.05,3.85,20.82,143.08,9.71,25.94,32.96,12.2,4.85,6.17,6.11,7.35,9.24,20.33,11.13,6.16,66.55,10.41,70.44,23,42.08,31.66,3.35,303.37,28.14,86.71,22.36,50.41,13.08,13.56
40.8,21.74,8.37,8.49,10.86,8.94,15.14,150.45,7.46,3.75,9.76,194.9,4.4,33.79,7.74,16.83,1352.07,19.94,19.43,62.41,4.25,45.42,4.49,80.97,5.53,9.77,35.47,14.69,82.47,46.48,85.42,5.34,64.79,62.72,23.9,10.56,11.44,14.32,6.98,8.04,4.34,9.85,9.96,239.34,1214.27,4.57,73.69,29.89,7.27,59.64,6.82,128.57,40.24,14.09,49.38,6.15,4.18,3.81,20.08,31.99,20.57,115.51,14.61,49.8,2.67,23.52,3.51,14.71,27.61,15.81,154.4,5.67,16.63,4.83,26.74,4.32,2.88,167.05,3.58,29,92.22,38.32,10.66,6.13,3.96,20.62,143.09,9.98,26.66,33.65,12.55,4.97,6.31,6.14,7.32,9.31,20.82,11.5,6.33,66.88,10.52,71.34,23.08,43.44,32.77,3.36,306.08,28.59,87.57,22.97,50.97,13.46,13.81
41.22,22.12,8.41,8.77,10.94,9.2,15.61,152.15,7.4,3.72,9.92,196.8,4.45,34.17,7.83,16.99,1359.76,20.4,19.97,64.52,4.39,45.92,4.55,80.89,5.55,9.9,36.12,14.93,84.11,46.79,87.7,5.37,65.15,63.31,24.51,10.79,11.45,14.63,7.03,8.19,4.33,10,9.93,242.52,1230.98,4.63,74.57,30.76,7.43,59.73,7.18,128.55,41.35,14.31,49.55,6.25,4.34,3.95,20.2,32.41,21.15,117.32,15.08,50.16,2.71,24.22,3.61,15.17,28.11,16.43,158.58,5.74,16.68,4.89,27.02,4.37,3.04,170.56,3.64,29.37,93.73,38.32,10.65,6.21,4.07,20.44,143.15,10.25,27.43,34.39,12.92,5.07,6.46,6.16,7.29,9.39,21.02,11.89,6.5,67.21,10.64,72.33,23.14,44.83,33.92,3.37,308.64,29.03,88.47,23.61,51.58,13.85,14.09
41.66,22.48,8.46,9.04,11.01,9.46,16.08,153.91,7.36,3.69,10.08,198.69,4.48,34.54,7.93,17.15,1367.48,20.9,20.52,66.71,4.51,46.41,4.6,80.93,5.58,10.03,36.82,15.18,85.9,46.91,90.05,5.39,65.48,63.81,25.12,11.04,11.42,14.95,7.07,8.35,4.31,10.15,9.9,245.71,1247.24,4.66,75.49,31.73,7.57,59.76,7.57,128.51,42.49,14.54,49.74,6.33,4.59,4.07,20.32,32.86,21.74,119.09,15.54,50.55,2.76,24.94,3.72,15.63,28.64,17.06,162.88,5.81,16.74,4.95,27.33,4.42,3.24,174.18,3.71,29.76,95.28,38.32,10.63,6.29,4.18,20.29,143.26,10.52,28.24,35.17,13.3,5.18,6.61,6.19,7.24,9.47,20.86,12.29,6.68,67.53,10.76,73.41,23.19,46.26,35.09,3.39,311.05,29.46,89.44,24.25,52.26,14.26,14.39
42.1,22.82,8.52,9.32,11.08,9.73,16.57,155.73,7.31,3.65,10.24,200.56,4.49,34.9,8.03,17.31,1375.2,21.42,21.08,68.98,4.63,46.88,4.65,81.07,5.61,10.15,37.57,15.42,87.81,46.86,92.44,5.41,65.8,64.25,25.73,11.28,11.38,15.27,7.11,8.51,4.3,10.29,9.87,248.88,1263.07,4.68,76.45,32.78,7.7,59.73,7.99,128.43,43.65,14.78,49.95,6.42,4.92,4.18,20.42,33.33,22.35,120.83,16.01,50.99,2.81,25.68,3.83,16.1,29.17,17.73,167.3,5.88,16.79,5.01,27.65,4.47,3.46,177.91,3.77,30.16,96.87,38.32,10.58,6.38,4.29,20.17,143.42,10.79,29.09,35.99,13.7,5.27,6.77,6.22,7.2,9.54,20.42,12.71,6.86,67.84,10.89,74.57,23.27,47.78,36.31,3.4,313.34,29.89,90.45,24.91,53,14.7,14.71
42.54,23.15,8.58,9.6,11.15,10,17.07,157.57,7.27,3.6,10.4,202.41,4.5,35.26,8.13,17.46,1382.79,21.97,21.66,71.32,4.75,47.34,4.71,81.27,5.64,10.28,38.34,15.66,89.81,46.7,94.89,5.44,66.09,64.64,26.35,11.54,11.32,15.6,7.15,8.66,4.28,10.43,9.84,252.03,1278.56,4.68,77.44,33.88,7.82,59.67,8.41,128.31,44.83,15.02,50.17,6.49,5.28,4.29,20.53,33.82,22.96,122.54,16.48,51.45,2.87,26.43,3.95,16.58,29.71,18.43,171.83,5.95,16.84,5.08,27.99,4.52,3.71,181.71,3.84,30.57,98.48,38.31,10.53,6.47,4.41,20.07,143.6,11.07,29.94,36.85,14.12,5.36,6.92,6.25,7.17,9.62,19.81,13.13,7.04,68.14,11.01,75.79,23.34,49.25,37.55,3.41,315.54,30.32,91.5,25.58,53.77,15.15,15.05
42.98,23.47,8.63,9.89,11.22,10.29,17.59,159.41,7.22,3.57,10.56,204.21,4.52,35.6,8.23,17.61,1390.11,22.53,22.24,73.72,4.87,47.79,4.76,81.49,5.66,10.41,39.11,15.9,91.81,46.52,97.37,5.46,66.38,65.02,26.96,11.81,11.26,15.92,7.19,8.81,4.26,10.57,9.81,255.13,1293.86,4.69,78.41,35.01,7.94,59.59,8.81,128.16,46.02,15.27,50.39,6.58,5.6,4.39,20.62,34.32,23.59,124.22,16.96,51.92,2.92,27.21,4.06,17.07,30.23,19.15,176.46,6.01,16.89,5.14,28.32,4.57,3.96,185.55,3.9,30.97,100.1,38.29,10.47,6.55,4.54,19.97,143.76,11.35,30.78,37.74,14.55,5.45,7.08,6.28,7.13,9.69,19.2,13.57,7.23,68.42,11.14,77.03,23.4,50.86,38.83,3.42,317.72,30.74,92.54,26.25,54.54,15.62,15.41
43.42,23.8,8.68,10.2,11.29,10.58,18.11,161.2,7.18,3.54,10.72,205.96,4.55,35.95,8.32,17.76,1397.03,23.11,22.83,76.2,5,48.23,4.81,81.71,5.69,10.53,39.87,16.14,93.78,46.4,99.87,5.48,66.67,65.4,27.58,12.09,11.22,16.25,7.25,8.96,4.24,10.71,9.78,258.16,1309.05,4.7,79.36,36.12,8.06,59.5,9.16,127.97,47.24,15.52,50.59,6.66,5.85,4.5,20.71,34.8,24.23,125.89,17.47,52.4,2.98,28.01,4.18,17.57,30.72,19.9,181.18,6.08,16.94,5.2,28.66,4.61,4.2,189.38,3.97,31.38,101.72,38.27,10.42,6.64,4.66,19.88,143.89,11.63,31.56,38.65,14.98,5.54,7.24,6.31,7.1,9.76,18.73,14.01,7.42,68.66,11.27,78.27,23.46,52.42,40.14,3.43,319.93,31.16,93.57,26.92,55.29,16.1,15.78
43.85,24.13,8.71,10.52,11.36,10.87,18.65,162.95,7.13,3.52,10.89,207.65,4.59,36.29,8.4,17.91,1403.5,23.7,23.44,78.74,5.13,48.65,4.86,81.91,5.71,10.65,40.61,16.39,95.69,46.35,102.4,5.5,66.95,65.79,28.21,12.4,11.18,16.58,7.3,9.11,4.21,10.85,9.75,261.12,1324.17,4.73,80.28,37.2,8.19,59.43,9.46,127.75,48.46,15.76,50.79,6.76,6.01,4.61,20.8,35.28,24.89,127.54,17.99,52.89,3.03,28.83,4.3,18.09,31.19,20.67,185.99,6.15,16.99,5.25,28.98,4.66,4.42,193.2,4.03,31.77,103.32,38.22,10.37,6.73,4.79,19.78,143.96,11.92,32.28,39.58,15.41,5.62,7.4,6.34,7.06,9.84,18.43,14.45,7.61,68.86,11.4,79.51,23.52,54.1,41.49,3.44,322.18,31.57,94.57,27.58,56.02,16.59,16.15
44.27,24.45,8.74,10.86,11.43,11.18,19.19,164.67,7.08,3.51,11.05,209.29,4.66,36.62,8.48,18.05,1409.52,24.29,24.05,81.34,5.26,49.07,4.91,82.11,5.73,10.77,41.32,16.62,97.55,46.35,104.96,5.52,67.23,66.18,28.83,12.72,11.16,16.91,7.36,9.27,4.19,10.98,9.72,263.99,1339.18,4.76,81.16,38.27,8.32,59.36,9.7,127.48,49.7,16.01,50.98,6.86,6.08,4.73,20.88,35.74,25.57,129.16,18.54,53.37,3.08,29.67,4.42,18.62,31.62,21.48,190.89,6.22,17.04,5.31,29.3,4.71,4.64,197.02,4.1,32.17,104.92,38.17,10.33,6.81,4.92,19.68,143.99,12.21,32.94,40.53,15.85,5.71,7.56,6.38,7.03,9.91,18.27,14.9,7.8,69.04,11.53,80.75,23.56,55.8,42.86,3.46,324.46,31.98,95.54,28.25,56.72,17.09,16.53
